receive_from_1,receive_from_2,receive_from_3,receive_from_4,compute_from_1,compute_from_2,compute_from_3,compute_from_4,total_receive,total_send,total_compute,timestamp
0,0,0,146,0,0,0,140,146,393,140,14102.0
0,0,0,148,0,0,0,142,148,397,142,14202.0
0,0,0,149,0,0,0,143,149,400,143,14302.0
0,0,0,151,0,0,0,145,151,402,145,14402.0
0,0,0,152,0,0,0,146,152,406,146,14502.0
0,0,0,154,0,0,0,148,154,409,148,14602.0
0,0,0,156,0,0,0,150,156,414,150,14702.0
0,0,0,157,0,0,0,151,157,417,151,14802.0
0,0,0,159,0,0,0,153,159,420,153,14902.0
0,0,0,160,0,0,0,154,160,424,154,15002.0
0,0,0,161,0,0,0,154,161,428,154,15102.0
0,0,0,163,0,0,0,156,163,430,156,15202.0
0,0,0,164,0,0,0,157,164,432,157,15302.0
0,0,0,166,0,0,0,159,166,435,159,15402.0
0,0,0,168,0,0,0,161,168,438,161,15502.0
0,0,0,170,0,0,0,163,170,442,163,15602.0
0,0,0,172,0,0,0,165,172,444,165,15702.0
0,0,0,173,0,0,0,166,173,447,166,15802.0
0,0,0,175,0,0,0,168,175,450,168,15902.0
0,0,0,177,0,0,0,170,177,453,170,16002.0
0,0,0,179,0,0,0,172,179,457,172,16102.0
0,0,0,181,0,0,0,174,181,460,174,16202.0
0,0,0,182,0,0,0,175,182,464,175,16302.0
0,0,0,184,0,0,0,177,184,467,177,16402.0
0,0,0,186,0,0,0,179,186,471,179,16502.0
0,0,0,187,0,0,0,180,187,474,180,16602.0
0,0,0,189,0,0,0,182,189,479,182,16702.0
0,0,0,191,0,0,0,184,191,482,184,16802.0
0,0,0,192,0,0,0,185,192,485,185,16902.0
0,0,0,193,0,0,0,186,193,488,186,17002.0
0,0,0,194,0,0,0,187,194,491,187,17102.0
0,0,0,196,0,0,0,189,196,495,189,17202.0
0,0,0,198,0,0,0,191,198,499,191,17302.0
0,0,0,200,0,0,0,191,200,503,191,17402.0
0,0,0,201,0,0,0,192,201,506,192,17502.0
0,0,0,203,0,0,0,194,203,509,194,17602.0
0,0,0,204,0,0,0,195,204,512,195,17702.0
0,0,0,205,0,0,0,196,205,516,196,17802.0
0,0,0,207,0,0,0,197,207,519,197,17902.0
0,0,0,209,0,0,0,199,209,521,199,18002.0
0,0,0,210,0,0,0,200,210,524,200,18102.0
0,0,0,210,0,0,0,200,210,528,200,18202.0
0,0,0,211,0,0,0,200,211,532,200,18302.0
0,0,0,213,0,0,0,201,213,535,201,18402.0
0,0,0,213,0,0,0,201,213,538,201,18502.0
0,0,0,215,0,0,0,202,215,542,202,18602.0
0,0,0,217,0,0,0,204,217,546,204,18702.0
0,0,0,218,0,0,0,205,218,549,205,18802.0
0,0,0,220,0,0,0,207,220,552,207,18902.0
0,0,0,221,0,0,0,208,221,556,208,19002.0
0,0,0,223,0,0,0,210,223,558,210,19102.0
0,0,0,224,0,0,0,211,224,562,211,19202.0
0,0,0,225,0,0,0,211,225,566,211,19302.0
0,0,0,227,0,0,0,213,227,568,213,19402.0
0,0,0,228,0,0,0,214,228,571,214,19502.0
0,0,0,230,0,0,0,216,230,574,216,19602.0
0,0,0,232,0,0,0,218,232,577,218,19702.0
0,0,0,234,0,0,0,220,234,581,220,19802.0
0,0,0,236,0,0,0,222,236,585,222,19902.0
0,0,0,237,0,0,0,223,237,588,223,20002.0
0,0,0,239,0,0,0,225,239,591,225,20102.0
0,0,0,241,0,0,0,227,241,594,227,20202.0
0,0,0,243,0,0,0,229,243,598,229,20302.0
0,0,0,244,0,0,0,230,244,601,230,20402.0
0,0,0,246,0,0,0,232,246,605,232,20502.0
0,0,0,247,0,0,0,233,247,608,233,20602.0
0,0,0,249,0,0,0,235,249,611,235,20702.0
0,0,0,251,0,0,0,237,251,615,237,20802.0
0,0,0,252,0,0,0,238,252,618,238,20902.0
0,0,0,254,0,0,0,240,254,621,240,21002.0
0,0,0,256,0,0,0,242,256,624,242,21102.0
0,0,0,257,0,0,0,243,257,627,243,21202.0
0,0,0,259,0,0,0,245,259,630,245,21302.0
0,0,0,260,0,0,0,246,260,633,246,21402.0
0,0,0,261,0,0,0,247,261,637,247,21502.0
0,0,0,263,0,0,0,249,263,640,249,21602.0
0,0,0,265,0,0,0,251,265,644,251,21702.0
0,0,0,266,0,0,0,251,266,648,251,21802.0
0,0,0,267,0,0,0,252,267,653,252,21902.0
0,0,0,269,0,0,0,254,269,655,254,22002.0
0,0,0,269,0,0,0,254,269,659,254,22102.0
0,0,0,271,0,0,0,255,271,662,255,22202.0
0,0,0,273,0,0,0,257,273,665,257,22302.0
0,0,0,274,0,0,0,257,274,670,257,22402.0
0,0,0,275,0,0,0,258,275,672,258,22502.0
0,0,0,276,0,0,0,258,276,675,258,22602.0
0,0,0,278,0,0,0,260,278,678,260,22702.0
0,0,0,279,0,0,0,261,279,682,261,22802.0
0,0,0,281,0,0,0,263,281,684,263,22902.0
0,0,0,283,0,0,0,265,283,689,265,23002.0
0,0,0,285,0,0,0,267,285,692,267,23102.0
0,0,0,286,0,0,0,268,286,696,268,23202.0
0,0,0,288,0,0,0,270,288,700,270,23302.0
0,0,0,290,0,0,0,272,290,703,272,23402.0
0,0,0,291,0,0,0,273,291,707,273,23502.0
0,0,0,293,0,0,0,275,293,710,275,23602.0
0,0,0,294,0,0,0,276,294,713,276,23702.0
0,0,0,296,0,0,0,278,296,716,278,23802.0
0,0,0,298,0,0,0,280,298,719,280,23902.0
0,0,0,299,0,0,0,281,299,721,281,24002.0
0,0,0,301,0,0,0,283,301,724,283,24102.0
0,0,0,303,0,0,0,285,303,727,285,24202.0
0,0,0,305,0,0,0,287,305,731,287,24302.0
0,0,0,307,0,0,0,289,307,735,289,24402.0
0,0,0,308,0,0,0,290,308,738,290,24502.0
0,0,0,310,0,0,0,292,310,742,292,24602.0
0,0,0,312,0,0,0,294,312,746,294,24702.0
0,0,0,314,0,0,0,296,314,749,296,24802.0
0,0,0,316,0,0,0,298,316,754,298,24902.0
0,0,0,317,0,0,0,299,317,757,299,25002.0
0,0,0,320,0,0,0,302,320,761,302,25102.0
0,0,0,321,0,0,0,303,321,765,303,25202.0
0,0,0,323,0,0,0,305,323,768,305,25302.0
0,0,0,325,0,0,0,307,325,771,307,25402.0
0,0,0,326,0,0,0,308,326,774,308,25502.0
0,0,0,328,0,0,0,310,328,779,310,25602.0
0,0,0,330,0,0,0,312,330,782,312,25702.0
0,0,0,331,0,0,0,313,331,786,313,25802.0
0,0,0,332,0,0,0,313,332,789,313,25902.0
0,0,0,334,0,0,0,315,334,792,315,26002.0
0,0,0,336,0,0,0,317,336,796,317,26102.0
0,0,0,338,0,0,0,319,338,800,319,26202.0
0,0,0,340,0,0,0,321,340,803,321,26302.0
0,0,0,342,0,0,0,323,342,807,323,26402.0
0,0,0,343,0,0,0,324,343,810,324,26502.0
0,0,0,345,0,0,0,326,345,813,326,26602.0
0,0,0,346,0,0,0,327,346,816,327,26702.0
0,0,0,348,0,0,0,329,348,819,329,26802.0
0,0,0,350,0,0,0,331,350,822,331,26902.0
0,0,0,351,0,0,0,332,351,826,332,27002.0
0,0,0,353,0,0,0,334,353,829,334,27102.0
0,0,0,354,0,0,0,335,354,833,335,27202.0
0,0,0,356,0,0,0,337,356,838,337,27302.0
0,0,0,358,0,0,0,339,358,841,339,27402.0
0,0,0,360,0,0,0,341,360,844,341,27502.0
0,0,0,363,0,0,0,344,363,847,344,27602.0
0,0,0,364,0,0,0,345,364,851,345,27702.0
0,0,0,367,0,0,0,348,367,856,348,27802.0
0,0,0,368,0,0,0,349,368,860,349,27902.0
0,0,0,370,0,0,0,351,370,865,351,28002.0
0,0,0,371,0,0,0,352,371,868,352,28102.0
0,0,0,372,0,0,0,353,372,871,353,28202.0
0,0,0,374,0,0,0,355,374,874,355,28302.0
0,0,0,376,0,0,0,357,376,878,357,28402.0
0,0,0,377,0,0,0,358,377,880,358,28502.0
0,0,0,379,0,0,0,360,379,884,360,28602.0
0,0,0,381,0,0,0,362,381,888,362,28702.0
0,0,0,382,0,0,0,363,382,892,363,28802.0
0,0,0,384,0,0,0,365,384,895,365,28902.0
0,0,0,385,0,0,0,366,385,899,366,29002.0
0,0,0,387,0,0,0,368,387,902,368,29102.0
0,0,0,389,0,0,0,370,389,905,370,29202.0
0,0,0,390,0,0,0,370,390,908,370,29302.0
0,0,0,392,0,0,0,372,392,912,372,29402.0
0,0,0,394,0,0,0,374,394,916,374,29502.0
0,0,0,395,0,0,0,375,395,919,375,29602.0
0,0,0,397,0,0,0,377,397,923,377,29702.0
0,0,0,398,0,0,0,378,398,927,378,29802.0
0,0,0,400,0,0,0,379,400,929,379,29902.0
0,0,0,401,0,0,0,380,401,932,380,30002.0
0,0,0,403,0,0,0,382,403,936,382,30102.0
0,0,0,405,0,0,0,384,405,940,384,30202.0
0,0,0,406,0,0,0,385,406,943,385,30302.0
0,0,0,407,0,0,0,386,407,948,386,30402.0
0,0,0,409,0,0,0,388,409,951,388,30502.0
0,0,0,410,0,0,0,389,410,953,389,30602.0
0,0,0,412,0,0,0,391,412,956,391,30702.0
0,0,0,413,0,0,0,392,413,959,392,30802.0
0,0,0,415,0,0,0,394,415,963,394,30902.0
0,0,0,416,0,0,0,395,416,966,395,31002.0
0,0,0,418,0,0,0,397,418,969,397,31102.0
0,0,0,420,0,0,0,399,420,972,399,31202.0
0,0,0,421,0,0,0,400,421,974,400,31302.0
0,0,0,423,0,0,0,402,423,977,402,31402.0
0,0,0,424,0,0,0,403,424,980,403,31502.0
0,0,0,426,0,0,0,405,426,983,405,31602.0
0,0,0,427,0,0,0,406,427,987,406,31702.0
0,0,0,429,0,0,0,408,429,990,408,31802.0
0,0,0,431,0,0,0,410,431,993,410,31902.0
0,0,0,432,0,0,0,411,432,997,411,32002.0
0,0,0,434,0,0,0,413,434,1000,413,32102.0
0,0,0,435,0,0,0,413,435,1005,413,32202.0
0,0,0,436,0,0,0,414,436,1008,414,32302.0
0,0,0,438,0,0,0,416,438,1011,416,32402.0
0,0,0,440,0,0,0,418,440,1015,418,32502.0
0,0,0,442,0,0,0,420,442,1020,420,32602.0
0,0,0,443,0,0,0,421,443,1023,421,32702.0
0,0,0,445,0,0,0,423,445,1026,423,32802.0
0,0,0,447,0,0,0,425,447,1030,425,32902.0
0,0,0,449,0,0,0,427,449,1032,427,33002.0
0,0,0,450,0,0,0,428,450,1035,428,33102.0
0,0,0,452,0,0,0,430,452,1040,430,33202.0
0,0,0,454,0,0,0,432,454,1044,432,33302.0
0,0,0,456,0,0,0,434,456,1046,434,33402.0
0,0,0,457,0,0,0,435,457,1049,435,33502.0
0,0,0,459,0,0,0,437,459,1054,437,33602.0
0,0,0,460,0,0,0,438,460,1056,438,33702.0
0,0,0,462,0,0,0,440,462,1060,440,33802.0
0,0,0,464,0,0,0,442,464,1063,442,33902.0
0,0,0,466,0,0,0,444,466,1066,444,34002.0
0,0,0,467,0,0,0,445,467,1071,445,34102.0
0,0,0,469,0,0,0,447,469,1074,447,34202.0
0,0,0,471,0,0,0,449,471,1077,449,34302.0
0,0,0,472,0,0,0,450,472,1080,450,34402.0
0,0,0,474,0,0,0,452,474,1085,452,34502.0
0,0,0,476,0,0,0,452,476,1087,452,34602.0
0,0,0,478,0,0,0,454,478,1092,454,34702.0
0,0,0,480,0,0,0,456,480,1095,456,34802.0
0,0,0,480,0,0,0,456,480,1098,456,34902.0
0,0,0,482,0,0,0,457,482,1102,457,35002.0
0,0,0,483,0,0,0,458,483,1106,458,35102.0
0,0,0,485,0,0,0,460,485,1111,460,35202.0
0,0,0,487,0,0,0,462,487,1114,462,35302.0
0,0,0,489,0,0,0,464,489,1116,464,35402.0
0,0,0,490,0,0,0,465,490,1119,465,35502.0
0,0,0,492,0,0,0,467,492,1124,467,35602.0
0,0,0,493,0,0,0,468,493,1127,468,35702.0
0,0,0,495,0,0,0,470,495,1131,470,35802.0
0,0,0,496,0,0,0,471,496,1134,471,35902.0
0,0,0,498,0,0,0,473,498,1139,473,36002.0
0,0,0,499,0,0,0,474,499,1143,474,36102.0
0,0,0,501,0,0,0,476,501,1145,476,36202.0
0,0,0,502,0,0,0,476,502,1149,476,36302.0
0,0,0,504,0,0,0,478,504,1152,478,36402.0
0,0,0,505,0,0,0,479,505,1155,479,36502.0
0,0,0,507,0,0,0,481,507,1158,481,36602.0
0,0,0,509,0,0,0,483,509,1163,483,36702.0
0,0,0,510,0,0,0,484,510,1166,484,36802.0
0,0,0,512,0,0,0,486,512,1169,486,36902.0
0,0,0,513,0,0,0,486,513,1171,486,37002.0
0,0,0,514,0,0,0,487,514,1174,487,37102.0
0,0,0,516,0,0,0,488,516,1178,488,37202.0
0,0,0,518,0,0,0,490,518,1182,490,37302.0
0,0,0,520,0,0,0,492,520,1185,492,37402.0
0,0,0,521,0,0,0,493,521,1188,493,37502.0
0,0,0,523,0,0,0,495,523,1191,495,37602.0
0,0,0,525,0,0,0,497,525,1193,497,37702.0
0,0,0,526,0,0,0,498,526,1196,498,37802.0
0,0,0,528,0,0,0,500,528,1199,500,37902.0
0,0,0,530,0,0,0,502,530,1203,502,38002.0
0,0,0,531,0,0,0,503,531,1207,503,38102.0
0,0,0,533,0,0,0,505,533,1209,505,38202.0
0,0,0,534,0,0,0,506,534,1213,506,38302.0
0,0,0,536,0,0,0,508,536,1217,508,38402.0
0,0,0,538,0,0,0,510,538,1220,510,38502.0
0,0,0,539,0,0,0,511,539,1224,511,38602.0
0,0,0,541,0,0,0,513,541,1227,513,38702.0
0,0,0,543,0,0,0,515,543,1230,515,38802.0
0,0,0,544,0,0,0,516,544,1233,516,38902.0
0,0,0,546,0,0,0,518,546,1237,518,39002.0
0,0,0,547,0,0,0,519,547,1239,519,39102.0
0,0,0,549,0,0,0,521,549,1241,521,39202.0
0,0,0,550,0,0,0,522,550,1245,522,39302.0
0,0,0,551,0,0,0,523,551,1248,523,39402.0
0,0,0,553,0,0,0,524,553,1251,524,39502.0
0,0,0,555,0,0,0,526,555,1255,526,39602.0
0,0,0,557,0,0,0,528,557,1257,528,39702.0
0,0,0,558,0,0,0,529,558,1261,529,39802.0
0,0,0,560,0,0,0,531,560,1264,531,39902.0
0,0,0,561,0,0,0,532,561,1267,532,40002.0
0,0,0,563,0,0,0,534,563,1270,534,40102.0
0,0,0,564,0,0,0,535,564,1274,535,40202.0
0,0,0,566,0,0,0,537,566,1278,537,40302.0
0,0,0,568,0,0,0,539,568,1282,539,40402.0
0,0,0,570,0,0,0,541,570,1287,541,40502.0
0,0,0,572,0,0,0,543,572,1290,543,40602.0
0,0,0,573,0,0,0,544,573,1293,544,40702.0
0,0,0,575,0,0,0,546,575,1296,546,40802.0
0,0,0,577,0,0,0,548,577,1300,548,40902.0
0,0,0,578,0,0,0,549,578,1303,549,41002.0
0,0,0,580,0,0,0,551,580,1307,551,41102.0
0,0,0,582,0,0,0,553,582,1312,553,41202.0
0,0,0,583,0,0,0,554,583,1315,554,41302.0
0,0,0,585,0,0,0,556,585,1319,556,41402.0
0,0,0,587,0,0,0,558,587,1323,558,41502.0
0,0,0,589,0,0,0,560,589,1326,560,41602.0
0,0,0,590,0,0,0,561,590,1330,561,41702.0
0,0,0,591,0,0,0,562,591,1333,562,41802.0
0,0,0,593,0,0,0,564,593,1337,564,41902.0
0,0,0,595,0,0,0,566,595,1341,566,42002.0
0,0,0,596,0,0,0,567,596,1344,567,42102.0
0,0,0,598,0,0,0,569,598,1348,569,42202.0
0,0,0,599,0,0,0,570,599,1351,570,42302.0
0,0,0,601,0,0,0,572,601,1354,572,42402.0
0,0,0,603,0,0,0,574,603,1356,574,42502.0
0,0,0,604,0,0,0,575,604,1362,575,42602.0
0,0,0,606,0,0,0,577,606,1367,577,42702.0
0,0,0,607,0,0,0,578,607,1372,578,42802.0
0,0,0,609,0,0,0,580,609,1375,580,42902.0
0,0,0,611,0,0,0,582,611,1378,582,43002.0
0,0,0,613,0,0,0,584,613,1382,584,43102.0
0,0,0,615,0,0,0,586,615,1385,586,43202.0
0,0,0,616,0,0,0,587,616,1388,587,43302.0
0,0,0,618,0,0,0,589,618,1393,589,43402.0
0,0,0,620,0,0,0,591,620,1396,591,43502.0
0,0,0,622,0,0,0,593,622,1400,593,43602.0
0,0,0,624,0,0,0,595,624,1403,595,43702.0
0,0,0,625,0,0,0,596,625,1408,596,43802.0
0,0,0,627,0,0,0,598,627,1411,598,43902.0
0,0,0,629,0,0,0,600,629,1414,600,44002.0
0,0,0,630,0,0,0,600,630,1416,600,44102.0
0,0,0,632,0,0,0,602,632,1418,602,44202.0
0,0,0,633,0,0,0,603,633,1421,603,44302.0
0,0,0,635,0,0,0,605,635,1427,605,44402.0
0,0,0,637,0,0,0,607,637,1430,607,44502.0
0,0,0,639,0,0,0,609,639,1434,609,44602.0
0,0,0,641,0,0,0,611,641,1437,611,44702.0
0,0,0,642,0,0,0,612,642,1440,612,44802.0
0,0,0,644,0,0,0,614,644,1444,614,44902.0
0,0,0,645,0,0,0,615,645,1447,615,45002.0
0,0,0,647,0,0,0,617,647,1450,617,45102.0
0,0,0,648,0,0,0,618,648,1453,618,45202.0
0,0,0,650,0,0,0,620,650,1457,620,45302.0
0,0,0,651,0,0,0,621,651,1461,621,45402.0
0,0,0,653,0,0,0,623,653,1465,623,45502.0
0,0,0,655,0,0,0,625,655,1468,625,45602.0
0,0,0,656,0,0,0,626,656,1471,626,45702.0
0,0,0,658,0,0,0,628,658,1473,628,45802.0
0,0,0,660,0,0,0,630,660,1476,630,45902.0
0,0,0,662,0,0,0,632,662,1481,632,46002.0
0,0,0,664,0,0,0,634,664,1484,634,46102.0
0,0,0,665,0,0,0,635,665,1489,635,46202.0
0,0,0,667,0,0,0,637,667,1493,637,46302.0
0,0,0,669,0,0,0,639,669,1496,639,46402.0
0,0,0,671,0,0,0,641,671,1499,641,46502.0
0,0,0,672,0,0,0,642,672,1504,642,46602.0
0,0,0,674,0,0,0,644,674,1507,644,46702.0
0,0,0,675,0,0,0,645,675,1510,645,46802.0
0,0,0,677,0,0,0,647,677,1514,647,46902.0
0,0,0,679,0,0,0,649,679,1517,649,47002.0
0,0,0,680,0,0,0,650,680,1519,650,47102.0
0,0,0,682,0,0,0,652,682,1522,652,47202.0
0,0,0,684,0,0,0,654,684,1526,654,47302.0
0,0,0,685,0,0,0,655,685,1529,655,47402.0
0,0,0,687,0,0,0,657,687,1531,657,47502.0
0,0,0,689,0,0,0,659,689,1534,659,47602.0
0,0,0,690,0,0,0,660,690,1539,660,47702.0
0,0,0,692,0,0,0,662,692,1543,662,47802.0
0,0,0,693,0,0,0,663,693,1546,663,47902.0
0,0,0,695,0,0,0,665,695,1551,665,48002.0
0,0,0,696,0,0,0,666,696,1555,666,48102.0
0,0,0,698,0,0,0,668,698,1559,668,48202.0
0,0,0,699,0,0,0,669,699,1562,669,48302.0
0,0,0,701,0,0,0,671,701,1565,671,48402.0
0,0,0,703,0,0,0,673,703,1568,673,48502.0
0,0,0,705,0,0,0,675,705,1571,675,48602.0
0,0,0,707,0,0,0,677,707,1573,677,48702.0
0,0,0,709,0,0,0,679,709,1576,679,48802.0
0,0,0,710,0,0,0,680,710,1579,680,48902.0
0,0,0,711,0,0,0,681,711,1582,681,49002.0
0,0,0,713,0,0,0,683,713,1585,683,49102.0
0,0,0,715,0,0,0,685,715,1587,685,49202.0
0,0,0,717,0,0,0,687,717,1591,687,49302.0
0,0,0,719,0,0,0,689,719,1594,689,49402.0
0,0,0,720,0,0,0,690,720,1596,690,49502.0
0,0,0,721,0,0,0,690,721,1599,690,49602.0
0,0,0,723,0,0,0,692,723,1602,692,49702.0
0,0,0,725,0,0,0,694,725,1607,694,49802.0
0,0,0,726,0,0,0,695,726,1610,695,49902.0
0,0,0,728,0,0,0,697,728,1614,697,50002.0
0,0,0,730,0,0,0,699,730,1618,699,50102.0
0,0,0,732,0,0,0,701,732,1622,701,50202.0
0,0,0,734,0,0,0,703,734,1627,703,50302.0
0,0,0,735,0,0,0,704,735,1630,704,50402.0
0,0,0,737,0,0,0,706,737,1633,706,50502.0
0,0,0,739,0,0,0,708,739,1638,708,50602.0
0,0,0,740,0,0,0,709,740,1643,709,50702.0
0,0,0,742,0,0,0,711,742,1646,711,50802.0
0,0,0,744,0,0,0,713,744,1649,713,50902.0
0,0,0,745,0,0,0,714,745,1652,714,51002.0
0,0,0,747,0,0,0,716,747,1655,716,51102.0
0,0,0,749,0,0,0,718,749,1657,718,51202.0
0,0,0,751,0,0,0,720,751,1661,720,51302.0
0,0,0,752,0,0,0,720,752,1663,720,51402.0
0,0,0,753,0,0,0,721,753,1668,721,51502.0
0,0,0,754,0,0,0,722,754,1671,722,51602.0
0,0,0,755,0,0,0,722,755,1674,722,51702.0
0,0,0,757,0,0,0,724,757,1677,724,51802.0
0,0,0,759,0,0,0,726,759,1681,726,51902.0
0,0,0,761,0,0,0,728,761,1688,728,52002.0
0,0,0,763,0,0,0,730,763,1692,730,52102.0
0,0,0,764,0,0,0,731,764,1695,731,52202.0
0,0,0,766,0,0,0,733,766,1697,733,52302.0
0,0,0,768,0,0,0,735,768,1700,735,52402.0
0,0,0,770,0,0,0,737,770,1704,737,52502.0
0,0,0,771,0,0,0,738,771,1708,738,52602.0
0,0,0,772,0,0,0,739,772,1710,739,52702.0
0,0,0,774,0,0,0,741,774,1714,741,52802.0
0,0,0,776,0,0,0,743,776,1716,743,52902.0
0,0,0,778,0,0,0,745,778,1719,745,53002.0
0,0,0,779,0,0,0,746,779,1722,746,53102.0
0,0,0,780,0,0,0,746,780,1725,746,53202.0
0,0,0,781,0,0,0,747,781,1729,747,53302.0
0,0,0,783,0,0,0,749,783,1732,749,53402.0
0,0,0,785,0,0,0,750,785,1735,750,53502.0
0,0,0,786,0,0,0,751,786,1738,751,53602.0
0,0,0,788,0,0,0,753,788,1742,753,53702.0
0,0,0,790,0,0,0,755,790,1747,755,53802.0
0,0,0,791,0,0,0,756,791,1752,756,53902.0
0,0,0,793,0,0,0,758,793,1755,758,54002.0
0,0,0,795,0,0,0,760,795,1758,760,54102.0
0,0,0,797,0,0,0,762,797,1762,762,54202.0
0,0,0,798,0,0,0,763,798,1766,763,54302.0
0,0,0,800,0,0,0,765,800,1769,765,54402.0
0,0,0,802,0,0,0,767,802,1773,767,54502.0
0,0,0,804,0,0,0,769,804,1776,769,54602.0
0,0,0,806,0,0,0,771,806,1781,771,54702.0
0,0,0,808,0,0,0,773,808,1785,773,54802.0
0,0,0,809,0,0,0,774,809,1788,774,54902.0
0,0,0,810,0,0,0,775,810,1792,775,55002.0
0,0,0,812,0,0,0,777,812,1795,777,55102.0
0,0,0,814,0,0,0,779,814,1800,779,55202.0
0,0,0,815,0,0,0,780,815,1805,780,55302.0
0,0,0,817,0,0,0,782,817,1807,782,55402.0
0,0,0,819,0,0,0,784,819,1812,784,55502.0
0,0,0,821,0,0,0,786,821,1814,786,55602.0
0,0,0,823,0,0,0,788,823,1819,788,55702.0
0,0,0,825,0,0,0,790,825,1822,790,55802.0
0,0,0,827,0,0,0,792,827,1825,792,55902.0
0,0,0,829,0,0,0,794,829,1829,794,56002.0
0,0,0,830,0,0,0,795,830,1831,795,56102.0
0,0,0,832,0,0,0,797,832,1835,797,56202.0
0,0,0,834,0,0,0,799,834,1838,799,56302.0
0,0,0,835,0,0,0,800,835,1840,800,56402.0
0,0,0,836,0,0,0,800,836,1844,800,56502.0
0,0,0,838,0,0,0,802,838,1847,802,56602.0
0,0,0,840,0,0,0,804,840,1851,804,56702.0
0,0,0,841,0,0,0,805,841,1854,805,56802.0
0,0,0,843,0,0,0,807,843,1859,807,56902.0
0,0,0,845,0,0,0,809,845,1862,809,57002.0
0,0,0,846,0,0,0,810,846,1866,810,57102.0
0,0,0,847,0,0,0,811,847,1870,811,57202.0
0,0,0,849,0,0,0,813,849,1873,813,57302.0
0,0,0,851,0,0,0,815,851,1876,815,57402.0
0,0,0,853,0,0,0,817,853,1880,817,57502.0
0,0,0,855,0,0,0,819,855,1884,819,57602.0
0,0,0,856,0,0,0,820,856,1887,820,57702.0
0,0,0,858,0,0,0,822,858,1890,822,57802.0
0,0,0,860,0,0,0,824,860,1893,824,57902.0
0,0,0,862,0,0,0,826,862,1897,826,58002.0
0,0,0,863,0,0,0,826,863,1900,826,58102.0
0,0,0,864,0,0,0,827,864,1904,827,58202.0
0,0,0,865,0,0,0,827,865,1907,827,58302.0
0,0,0,866,0,0,0,828,866,1910,828,58402.0
0,0,0,868,0,0,0,830,868,1913,830,58502.0
0,0,0,870,0,0,0,832,870,1916,832,58602.0
0,0,0,871,0,0,0,833,871,1920,833,58702.0
0,0,0,873,0,0,0,835,873,1923,835,58802.0
0,0,0,875,0,0,0,837,875,1928,837,58902.0
0,0,0,876,0,0,0,838,876,1932,838,59002.0
0,0,0,878,0,0,0,840,878,1935,840,59102.0
0,0,0,880,0,0,0,842,880,1938,842,59202.0
0,0,0,882,0,0,0,844,882,1943,844,59302.0
0,0,0,883,0,0,0,845,883,1947,845,59402.0
0,0,0,885,0,0,0,847,885,1950,847,59502.0
0,0,0,887,0,0,0,849,887,1953,849,59602.0
0,0,0,889,0,0,0,851,889,1956,851,59702.0
0,0,0,890,0,0,0,852,890,1959,852,59802.0
0,0,0,892,0,0,0,854,892,1963,854,59902.0
0,0,0,894,0,0,0,856,894,1968,856,60002.0
0,0,0,895,0,0,0,857,895,1972,857,60102.0
0,0,0,896,0,0,0,858,896,1975,858,60202.0
0,0,0,899,0,0,0,861,899,1978,861,60302.0
0,0,0,900,0,0,0,862,900,1982,862,60402.0
0,0,0,902,0,0,0,864,902,1985,864,60502.0
0,0,0,903,0,0,0,865,903,1989,865,60602.0
0,0,0,905,0,0,0,867,905,1991,867,60702.0
0,0,0,907,0,0,0,869,907,1995,869,60802.0
0,0,0,909,0,0,0,871,909,1998,871,60902.0
0,0,0,911,0,0,0,873,911,2001,873,61002.0
0,0,0,913,0,0,0,875,913,2005,875,61102.0
0,0,0,914,0,0,0,876,914,2008,876,61202.0
0,0,0,916,0,0,0,878,916,2012,878,61302.0
0,0,0,917,0,0,0,879,917,2015,879,61402.0
0,0,0,919,0,0,0,881,919,2018,881,61502.0
0,0,0,920,0,0,0,882,920,2021,882,61602.0
0,0,0,922,0,0,0,884,922,2024,884,61702.0
0,0,0,924,0,0,0,886,924,2028,886,61802.0
0,0,0,925,0,0,0,887,925,2031,887,61902.0
0,0,0,927,0,0,0,889,927,2034,889,62002.0
0,0,0,929,0,0,0,891,929,2038,891,62102.0
0,0,0,930,0,0,0,892,930,2041,892,62202.0
0,0,0,932,0,0,0,894,932,2043,894,62302.0
0,0,0,933,0,0,0,895,933,2046,895,62402.0
0,0,0,935,0,0,0,897,935,2050,897,62502.0
0,0,0,936,0,0,0,898,936,2053,898,62602.0
0,0,0,938,0,0,0,900,938,2057,900,62702.0
0,0,0,939,0,0,0,901,939,2060,901,62802.0
0,0,0,940,0,0,0,902,940,2063,902,62902.0
0,0,0,942,0,0,0,904,942,2067,904,63002.0
0,0,0,944,0,0,0,906,944,2071,906,63102.0
0,0,0,945,0,0,0,907,945,2073,907,63202.0
0,0,0,947,0,0,0,909,947,2076,909,63302.0
0,0,0,949,0,0,0,911,949,2080,911,63402.0
0,0,0,951,0,0,0,913,951,2083,913,63502.0
0,0,0,952,0,0,0,914,952,2086,914,63602.0
0,0,0,954,0,0,0,916,954,2089,916,63702.0
0,0,0,955,0,0,0,917,955,2093,917,63802.0
0,0,0,957,0,0,0,919,957,2095,919,63902.0
0,0,0,959,0,0,0,921,959,2098,921,64002.0
0,0,0,960,0,0,0,922,960,2102,922,64102.0
0,0,0,962,0,0,0,924,962,2105,924,64202.0
0,0,0,964,0,0,0,926,964,2109,926,64302.0
0,0,0,965,0,0,0,927,965,2114,927,64402.0
0,0,0,967,0,0,0,928,967,2116,928,64502.0
0,0,0,969,0,0,0,930,969,2119,930,64602.0
0,0,0,970,0,0,0,931,970,2124,931,64702.0
0,0,0,972,0,0,0,933,972,2128,933,64802.0
0,0,0,973,0,0,0,934,973,2131,934,64902.0
0,0,0,975,0,0,0,936,975,2134,936,65002.0
0,0,0,976,0,0,0,937,976,2137,937,65102.0
0,0,0,978,0,0,0,939,978,2141,939,65202.0
0,0,0,979,0,0,0,940,979,2144,940,65302.0
0,0,0,982,0,0,0,943,982,2148,943,65402.0
0,0,0,983,0,0,0,944,983,2151,944,65502.0
0,0,0,985,0,0,0,946,985,2155,946,65602.0
0,0,0,986,0,0,0,947,986,2158,947,65702.0
0,0,0,987,0,0,0,947,987,2162,947,65802.0
0,0,0,989,0,0,0,949,989,2167,949,65902.0
0,0,0,991,0,0,0,951,991,2171,951,66002.0
0,0,0,992,0,0,0,952,992,2175,952,66102.0
0,0,0,993,0,0,0,953,993,2178,953,66202.0
0,0,0,995,0,0,0,955,995,2180,955,66302.0
0,0,0,996,0,0,0,956,996,2183,956,66402.0
0,0,0,999,0,0,0,959,999,2187,959,66502.0
0,0,0,1000,0,0,0,960,1000,2191,960,66602.0
0,0,0,1001,0,0,0,961,1001,2195,961,66702.0
0,0,0,1003,0,0,0,963,1003,2197,963,66802.0
0,0,0,1005,0,0,0,965,1005,2202,965,66902.0
0,0,0,1006,0,0,0,966,1006,2205,966,67002.0
0,0,0,1008,0,0,0,968,1008,2209,968,67102.0
0,0,0,1009,0,0,0,969,1009,2212,969,67202.0
0,0,0,1011,0,0,0,971,1011,2216,971,67302.0
0,0,0,1013,0,0,0,973,1013,2219,973,67402.0
0,0,0,1015,0,0,0,975,1015,2223,975,67502.0
0,0,0,1017,0,0,0,977,1017,2225,977,67602.0
0,0,0,1018,0,0,0,978,1018,2229,978,67702.0
0,0,0,1020,0,0,0,980,1020,2233,980,67802.0
0,0,0,1021,0,0,0,981,1021,2237,981,67902.0
0,0,0,1023,0,0,0,983,1023,2242,983,68002.0
0,0,0,1025,0,0,0,985,1025,2245,985,68102.0
0,0,0,1026,0,0,0,986,1026,2248,986,68202.0
0,0,0,1028,0,0,0,988,1028,2252,988,68302.0
0,0,0,1030,0,0,0,990,1030,2257,990,68402.0
0,0,0,1032,0,0,0,992,1032,2260,992,68502.0
0,0,0,1033,0,0,0,993,1033,2262,993,68602.0
0,0,0,1035,0,0,0,995,1035,2266,995,68702.0
0,0,0,1036,0,0,0,996,1036,2270,996,68802.0
0,0,0,1038,0,0,0,998,1038,2273,998,68902.0
0,0,0,1040,0,0,0,1000,1040,2276,1000,69002.0
0,0,0,1041,0,0,0,1001,1041,2279,1001,69102.0
0,0,0,1042,0,0,0,1002,1042,2282,1002,69202.0
0,0,0,1044,0,0,0,1004,1044,2284,1004,69302.0
0,0,0,1046,0,0,0,1006,1046,2287,1006,69402.0
0,0,0,1047,0,0,0,1007,1047,2290,1007,69502.0
0,0,0,1049,0,0,0,1009,1049,2296,1009,69602.0
0,0,0,1051,0,0,0,1011,1051,2300,1011,69702.0
0,0,0,1053,0,0,0,1013,1053,2303,1013,69802.0
0,0,0,1055,0,0,0,1015,1055,2307,1015,69902.0
0,0,0,1056,0,0,0,1016,1056,2311,1016,70002.0
0,0,0,1058,0,0,0,1018,1058,2314,1018,70102.0
0,0,0,1060,0,0,0,1020,1060,2318,1020,70202.0
0,0,0,1061,0,0,0,1020,1061,2322,1020,70302.0
0,0,0,1063,0,0,0,1022,1063,2326,1022,70402.0
0,0,0,1064,0,0,0,1023,1064,2329,1023,70502.0
0,0,0,1066,0,0,0,1024,1066,2332,1024,70602.0
0,0,0,1068,0,0,0,1026,1068,2336,1026,70702.0
0,0,0,1070,0,0,0,1028,1070,2339,1028,70802.0
0,0,0,1071,0,0,0,1029,1071,2342,1029,70902.0
0,0,0,1073,0,0,0,1031,1073,2347,1031,71002.0
0,0,0,1074,0,0,0,1032,1074,2349,1032,71102.0
0,0,0,1076,0,0,0,1034,1076,2352,1034,71202.0
0,0,0,1077,0,0,0,1035,1077,2355,1035,71302.0
0,0,0,1079,0,0,0,1037,1079,2359,1037,71402.0
0,0,0,1082,0,0,0,1040,1082,2362,1040,71502.0
0,0,0,1083,0,0,0,1041,1083,2365,1041,71602.0
0,0,0,1085,0,0,0,1043,1085,2368,1043,71702.0
0,0,0,1086,0,0,0,1044,1086,2373,1044,71802.0
0,0,0,1088,0,0,0,1046,1088,2376,1046,71902.0
0,0,0,1090,0,0,0,1048,1090,2379,1048,72002.0
0,0,0,1092,0,0,0,1050,1092,2382,1050,72102.0
0,0,0,1093,0,0,0,1051,1093,2384,1051,72202.0
0,0,0,1095,0,0,0,1053,1095,2387,1053,72302.0
0,0,0,1097,0,0,0,1055,1097,2391,1055,72402.0
0,0,0,1099,0,0,0,1057,1099,2395,1057,72502.0
0,0,0,1101,0,0,0,1059,1101,2398,1059,72602.0
0,0,0,1102,0,0,0,1060,1102,2401,1060,72702.0
0,0,0,1104,0,0,0,1062,1104,2404,1062,72802.0
0,0,0,1105,0,0,0,1063,1105,2407,1063,72902.0
0,0,0,1107,0,0,0,1065,1107,2410,1065,73002.0
0,0,0,1109,0,0,0,1067,1109,2413,1067,73102.0
0,0,0,1110,0,0,0,1068,1110,2415,1068,73202.0
0,0,0,1112,0,0,0,1070,1112,2419,1070,73302.0
0,0,0,1113,0,0,0,1071,1113,2423,1071,73402.0
0,0,0,1115,0,0,0,1073,1115,2426,1073,73502.0
0,0,0,1117,0,0,0,1075,1117,2430,1075,73602.0
0,0,0,1119,0,0,0,1077,1119,2432,1077,73702.0
0,0,0,1120,0,0,0,1078,1120,2435,1078,73802.0
0,0,0,1123,0,0,0,1081,1123,2438,1081,73902.0
0,0,0,1124,0,0,0,1082,1124,2443,1082,74002.0
0,0,0,1126,0,0,0,1084,1126,2445,1084,74102.0
0,0,0,1128,0,0,0,1086,1128,2449,1086,74202.0
0,0,0,1129,0,0,0,1087,1129,2452,1087,74302.0
0,0,0,1130,0,0,0,1088,1130,2456,1088,74402.0
0,0,0,1132,0,0,0,1090,1132,2460,1090,74502.0
0,0,0,1133,0,0,0,1091,1133,2463,1091,74602.0
0,0,0,1135,0,0,0,1093,1135,2468,1093,74702.0
0,0,0,1137,0,0,0,1095,1137,2471,1095,74802.0
0,0,0,1138,0,0,0,1096,1138,2476,1096,74902.0
0,0,0,1140,0,0,0,1098,1140,2478,1098,75002.0
0,0,0,1141,0,0,0,1099,1141,2483,1099,75102.0
0,0,0,1142,0,0,0,1100,1142,2486,1100,75202.0
0,0,0,1143,0,0,0,1100,1143,2489,1100,75302.0
0,0,0,1145,0,0,0,1102,1145,2493,1102,75402.0
0,0,0,1146,0,0,0,1103,1146,2497,1103,75502.0
0,0,0,1147,0,0,0,1103,1147,2500,1103,75602.0
0,0,0,1148,0,0,0,1104,1148,2504,1104,75702.0
0,0,0,1150,0,0,0,1106,1150,2506,1106,75802.0
0,0,0,1151,0,0,0,1107,1151,2509,1107,75902.0
0,0,0,1153,0,0,0,1109,1153,2513,1109,76002.0
0,0,0,1154,0,0,0,1110,1154,2517,1110,76102.0
0,0,0,1156,0,0,0,1112,1156,2520,1112,76202.0
0,0,0,1158,0,0,0,1114,1158,2522,1114,76302.0
0,0,0,1160,0,0,0,1116,1160,2525,1116,76402.0
0,0,0,1161,0,0,0,1117,1161,2529,1117,76502.0
0,0,0,1162,0,0,0,1118,1162,2533,1118,76602.0
0,0,0,1164,0,0,0,1120,1164,2537,1120,76702.0
0,0,0,1165,0,0,0,1121,1165,2541,1121,76802.0
0,0,0,1167,0,0,0,1123,1167,2545,1123,76902.0
0,0,0,1169,0,0,0,1125,1169,2549,1125,77002.0
0,0,0,1171,0,0,0,1127,1171,2555,1127,77102.0
0,0,0,1172,0,0,0,1128,1172,2558,1128,77202.0
0,0,0,1174,0,0,0,1130,1174,2561,1130,77302.0
0,0,0,1174,0,0,0,1130,1174,2567,1130,77402.0
0,0,0,1176,0,0,0,1132,1176,2570,1132,77502.0
0,0,0,1177,0,0,0,1133,1177,2574,1133,77602.0
0,0,0,1179,0,0,0,1134,1179,2577,1134,77702.0
0,0,0,1180,0,0,0,1135,1180,2581,1135,77802.0
0,0,0,1182,0,0,0,1137,1182,2586,1137,77902.0
0,0,0,1184,0,0,0,1139,1184,2589,1139,78002.0
0,0,0,1185,0,0,0,1140,1185,2593,1140,78102.0
0,0,0,1187,0,0,0,1142,1187,2598,1142,78202.0
0,0,0,1188,0,0,0,1143,1188,2602,1143,78302.0
0,0,0,1190,0,0,0,1145,1190,2606,1145,78402.0
0,0,0,1192,0,0,0,1147,1192,2609,1147,78502.0
0,0,0,1193,0,0,0,1148,1193,2611,1148,78602.0
0,0,0,1194,0,0,0,1149,1194,2615,1149,78702.0
0,0,0,1196,0,0,0,1151,1196,2619,1151,78802.0
0,0,0,1198,0,0,0,1153,1198,2623,1153,78902.0
0,0,0,1200,0,0,0,1155,1200,2625,1155,79002.0
0,0,0,1201,0,0,0,1156,1201,2628,1156,79102.0
0,0,0,1203,0,0,0,1158,1203,2631,1158,79202.0
0,0,0,1204,0,0,0,1159,1204,2635,1159,79302.0
0,0,0,1204,0,0,0,1159,1204,2639,1159,79402.0
0,0,0,1206,0,0,0,1160,1206,2642,1160,79502.0
0,0,0,1208,0,0,0,1162,1208,2644,1162,79602.0
0,0,0,1209,0,0,0,1163,1209,2648,1163,79702.0
0,0,0,1211,0,0,0,1165,1211,2651,1165,79802.0
0,0,0,1213,0,0,0,1167,1213,2654,1167,79902.0
0,0,0,1214,0,0,0,1168,1214,2657,1168,80002.0
0,0,0,1216,0,0,0,1170,1216,2659,1170,80102.0
0,0,0,1217,0,0,0,1171,1217,2664,1171,80202.0
0,0,0,1219,0,0,0,1173,1219,2666,1173,80302.0
0,0,0,1221,0,0,0,1175,1221,2669,1175,80402.0
0,0,0,1222,0,0,0,1176,1222,2672,1176,80502.0
0,0,0,1224,0,0,0,1178,1224,2676,1178,80602.0
0,0,0,1226,0,0,0,1180,1226,2680,1180,80702.0
0,0,0,1228,0,0,0,1182,1228,2683,1182,80802.0
0,0,0,1230,0,0,0,1184,1230,2687,1184,80902.0
0,0,0,1231,0,0,0,1185,1231,2691,1185,81002.0
0,0,0,1233,0,0,0,1187,1233,2693,1187,81102.0
0,0,0,1235,0,0,0,1189,1235,2697,1189,81202.0
0,0,0,1236,0,0,0,1190,1236,2701,1190,81302.0
0,0,0,1238,0,0,0,1192,1238,2705,1192,81402.0
0,0,0,1240,0,0,0,1194,1240,2709,1194,81502.0
0,0,0,1241,0,0,0,1195,1241,2712,1195,81602.0
0,0,0,1243,0,0,0,1197,1243,2716,1197,81702.0
0,0,0,1245,0,0,0,1199,1245,2720,1199,81802.0
0,0,0,1246,0,0,0,1200,1246,2724,1200,81902.0
0,0,0,1248,0,0,0,1202,1248,2727,1202,82002.0
0,0,0,1250,0,0,0,1204,1250,2732,1204,82102.0
0,0,0,1252,0,0,0,1206,1252,2735,1206,82202.0
0,0,0,1253,0,0,0,1207,1253,2739,1207,82302.0
0,0,0,1254,0,0,0,1208,1254,2742,1208,82402.0
0,0,0,1256,0,0,0,1210,1256,2745,1210,82502.0
0,0,0,1257,0,0,0,1211,1257,2749,1211,82602.0
0,0,0,1260,0,0,0,1214,1260,2754,1214,82702.0
0,0,0,1262,0,0,0,1216,1262,2756,1216,82802.0
0,0,0,1263,0,0,0,1217,1263,2759,1217,82902.0
0,0,0,1263,0,0,0,1217,1263,2763,1217,83002.0
0,0,0,1265,0,0,0,1218,1265,2767,1218,83102.0
0,0,0,1266,0,0,0,1219,1266,2771,1219,83202.0
0,0,0,1268,0,0,0,1221,1268,2774,1221,83302.0
0,0,0,1269,0,0,0,1222,1269,2777,1222,83402.0
0,0,0,1272,0,0,0,1225,1272,2781,1225,83502.0
0,0,0,1273,0,0,0,1226,1273,2785,1226,83602.0
0,0,0,1275,0,0,0,1228,1275,2788,1228,83702.0
0,0,0,1276,0,0,0,1229,1276,2790,1229,83802.0
0,0,0,1278,0,0,0,1231,1278,2793,1231,83902.0
0,0,0,1280,0,0,0,1233,1280,2796,1233,84002.0
0,0,0,1282,0,0,0,1235,1282,2800,1235,84102.0
0,0,0,1283,0,0,0,1236,1283,2804,1236,84202.0
0,0,0,1285,0,0,0,1238,1285,2807,1238,84302.0
0,0,0,1287,0,0,0,1240,1287,2811,1240,84402.0
0,0,0,1289,0,0,0,1242,1289,2814,1242,84502.0
0,0,0,1291,0,0,0,1244,1291,2817,1244,84602.0
0,0,0,1292,0,0,0,1245,1292,2821,1245,84702.0
0,0,0,1294,0,0,0,1247,1294,2823,1247,84802.0
0,0,0,1296,0,0,0,1249,1296,2826,1249,84902.0
0,0,0,1297,0,0,0,1250,1297,2829,1250,85002.0
0,0,0,1299,0,0,0,1252,1299,2833,1252,85102.0
0,0,0,1300,0,0,0,1253,1300,2836,1253,85202.0
0,0,0,1302,0,0,0,1255,1302,2839,1255,85302.0
0,0,0,1303,0,0,0,1256,1303,2843,1256,85402.0
0,0,0,1305,0,0,0,1258,1305,2846,1258,85502.0
0,0,0,1306,0,0,0,1259,1306,2850,1259,85602.0
0,0,0,1309,0,0,0,1261,1309,2854,1261,85702.0
0,0,0,1310,0,0,0,1262,1310,2858,1262,85802.0
0,0,0,1312,0,0,0,1264,1312,2861,1264,85902.0
0,0,0,1314,0,0,0,1266,1314,2864,1266,86002.0
0,0,0,1316,0,0,0,1268,1316,2867,1268,86102.0
0,0,0,1318,0,0,0,1270,1318,2870,1270,86202.0
0,0,0,1320,0,0,0,1270,1320,2873,1270,86302.0
0,0,0,1321,0,0,0,1271,1321,2876,1271,86402.0
0,0,0,1324,0,0,0,1274,1324,2880,1274,86502.0
0,0,0,1325,0,0,0,1275,1325,2882,1275,86602.0
0,0,0,1327,0,0,0,1277,1327,2886,1277,86702.0
0,0,0,1328,0,0,0,1278,1328,2889,1278,86802.0
0,0,0,1330,0,0,0,1280,1330,2894,1280,86902.0
0,0,0,1331,0,0,0,1281,1331,2898,1281,87002.0
0,0,0,1333,0,0,0,1283,1333,2902,1283,87102.0
0,0,0,1335,0,0,0,1285,1335,2905,1285,87202.0
0,0,0,1337,0,0,0,1287,1337,2908,1287,87302.0
0,0,0,1339,0,0,0,1289,1339,2911,1289,87402.0
0,0,0,1341,0,0,0,1291,1341,2914,1291,87502.0
0,0,0,1341,0,0,0,1291,1341,2917,1291,87602.0
0,0,0,1343,0,0,0,1292,1343,2920,1292,87702.0
0,0,0,1345,0,0,0,1294,1345,2924,1294,87802.0
0,0,0,1346,0,0,0,1295,1346,2928,1295,87902.0
0,0,0,1348,0,0,0,1297,1348,2931,1297,88002.0
0,0,0,1350,0,0,0,1299,1350,2934,1299,88102.0
0,0,0,1351,0,0,0,1300,1351,2937,1300,88202.0
0,0,0,1354,0,0,0,1303,1354,2942,1303,88302.0
0,0,0,1355,0,0,0,1304,1355,2945,1304,88402.0
0,0,0,1357,0,0,0,1306,1357,2949,1306,88502.0
0,0,0,1358,0,0,0,1307,1358,2953,1307,88602.0
0,0,0,1360,0,0,0,1309,1360,2956,1309,88702.0
0,0,0,1361,0,0,0,1310,1361,2959,1310,88802.0
0,0,0,1363,0,0,0,1312,1363,2961,1312,88902.0
0,0,0,1364,0,0,0,1313,1364,2966,1313,89002.0
0,0,0,1365,0,0,0,1314,1365,2968,1314,89102.0
0,0,0,1367,0,0,0,1316,1367,2972,1316,89202.0
0,0,0,1369,0,0,0,1318,1369,2976,1318,89302.0
0,0,0,1371,0,0,0,1320,1371,2979,1320,89402.0
0,0,0,1373,0,0,0,1322,1373,2982,1322,89502.0
0,0,0,1374,0,0,0,1323,1374,2985,1323,89602.0
0,0,0,1376,0,0,0,1325,1376,2988,1325,89702.0
0,0,0,1377,0,0,0,1325,1377,2991,1325,89802.0
0,0,0,1379,0,0,0,1327,1379,2994,1327,89902.0
0,0,0,1381,0,0,0,1329,1381,2998,1329,90002.0
0,0,0,1382,0,0,0,1330,1382,3001,1330,90102.0
0,0,0,1384,0,0,0,1332,1384,3004,1332,90202.0
0,0,0,1385,0,0,0,1333,1385,3007,1333,90302.0
0,0,0,1387,0,0,0,1335,1387,3011,1335,90402.0
0,0,0,1389,0,0,0,1337,1389,3016,1337,90502.0
0,0,0,1391,0,0,0,1339,1391,3019,1339,90602.0
0,0,0,1392,0,0,0,1340,1392,3022,1340,90702.0
0,0,0,1394,0,0,0,1342,1394,3026,1342,90802.0
0,0,0,1396,0,0,0,1344,1396,3029,1344,90902.0
0,0,0,1397,0,0,0,1345,1397,3031,1345,91002.0
0,0,0,1399,0,0,0,1347,1399,3035,1347,91102.0
0,0,0,1401,0,0,0,1349,1401,3038,1349,91202.0
0,0,0,1402,0,0,0,1350,1402,3041,1350,91302.0
0,0,0,1405,0,0,0,1353,1405,3045,1353,91402.0
0,0,0,1406,0,0,0,1354,1406,3047,1354,91502.0
0,0,0,1408,0,0,0,1356,1408,3051,1356,91602.0
0,0,0,1410,0,0,0,1358,1410,3056,1358,91702.0
0,0,0,1411,0,0,0,1359,1411,3058,1359,91802.0
0,0,0,1413,0,0,0,1361,1413,3061,1361,91902.0
0,0,0,1414,0,0,0,1362,1414,3063,1362,92002.0
0,0,0,1416,0,0,0,1364,1416,3066,1364,92102.0
0,0,0,1417,0,0,0,1365,1417,3069,1365,92202.0
0,0,0,1419,0,0,0,1367,1419,3072,1367,92302.0
0,0,0,1420,0,0,0,1368,1420,3076,1368,92402.0
0,0,0,1422,0,0,0,1370,1422,3079,1370,92502.0
0,0,0,1424,0,0,0,1372,1424,3082,1372,92602.0
0,0,0,1426,0,0,0,1374,1426,3085,1374,92702.0
0,0,0,1428,0,0,0,1376,1428,3089,1376,92802.0
0,0,0,1429,0,0,0,1377,1429,3091,1377,92902.0
0,0,0,1431,0,0,0,1379,1431,3094,1379,93002.0
0,0,0,1433,0,0,0,1381,1433,3099,1381,93102.0
0,0,0,1435,0,0,0,1383,1435,3103,1383,93202.0
0,0,0,1437,0,0,0,1385,1437,3106,1385,93302.0
0,0,0,1439,0,0,0,1387,1439,3108,1387,93402.0
0,0,0,1440,0,0,0,1388,1440,3111,1388,93502.0
0,0,0,1442,0,0,0,1390,1442,3114,1390,93602.0
0,0,0,1444,0,0,0,1392,1444,3117,1392,93702.0
0,0,0,1445,0,0,0,1393,1445,3120,1393,93802.0
0,0,0,1447,0,0,0,1395,1447,3123,1395,93902.0
0,0,0,1448,0,0,0,1395,1448,3126,1395,94002.0
0,0,0,1450,0,0,0,1397,1450,3129,1397,94102.0
0,0,0,1451,0,0,0,1398,1451,3132,1398,94202.0
0,0,0,1453,0,0,0,1400,1453,3134,1400,94302.0
0,0,0,1455,0,0,0,1402,1455,3136,1402,94402.0
0,0,0,1457,0,0,0,1404,1457,3141,1404,94502.0
0,0,0,1458,0,0,0,1405,1458,3145,1405,94602.0
0,0,0,1460,0,0,0,1407,1460,3148,1407,94702.0
0,0,0,1461,0,0,0,1408,1461,3150,1408,94802.0
0,0,0,1463,0,0,0,1410,1463,3153,1410,94902.0
0,0,0,1464,0,0,0,1411,1464,3157,1411,95002.0
0,0,0,1466,0,0,0,1413,1466,3160,1413,95102.0
0,0,0,1467,0,0,0,1414,1467,3163,1414,95202.0
0,0,0,1469,0,0,0,1416,1469,3167,1416,95302.0
0,0,0,1471,0,0,0,1418,1471,3171,1418,95402.0
0,0,0,1472,0,0,0,1419,1472,3175,1419,95502.0
0,0,0,1474,0,0,0,1421,1474,3178,1421,95602.0
0,0,0,1475,0,0,0,1422,1475,3183,1422,95702.0
0,0,0,1477,0,0,0,1424,1477,3186,1424,95802.0
0,0,0,1478,0,0,0,1425,1478,3190,1425,95902.0
0,0,0,1480,0,0,0,1427,1480,3193,1427,96002.0
0,0,0,1482,0,0,0,1429,1482,3195,1429,96102.0
0,0,0,1484,0,0,0,1431,1484,3200,1431,96202.0
0,0,0,1486,0,0,0,1433,1486,3203,1433,96302.0
0,0,0,1488,0,0,0,1435,1488,3207,1435,96402.0
0,0,0,1489,0,0,0,1436,1489,3211,1436,96502.0
0,0,0,1491,0,0,0,1438,1491,3215,1438,96602.0
0,0,0,1493,0,0,0,1440,1493,3219,1440,96702.0
0,0,0,1495,0,0,0,1442,1495,3223,1442,96802.0
0,0,0,1497,0,0,0,1444,1497,3225,1444,96902.0
0,0,0,1499,0,0,0,1446,1499,3229,1446,97002.0
0,0,0,1500,0,0,0,1447,1500,3232,1447,97102.0
0,0,0,1502,0,0,0,1449,1502,3236,1449,97202.0
0,0,0,1504,0,0,0,1451,1504,3240,1451,97302.0
0,0,0,1506,0,0,0,1453,1506,3243,1453,97402.0
0,0,0,1507,0,0,0,1454,1507,3247,1454,97502.0
0,0,0,1509,0,0,0,1456,1509,3252,1456,97602.0
0,0,0,1510,0,0,0,1457,1510,3255,1457,97702.0
0,0,0,1512,0,0,0,1459,1512,3257,1459,97802.0
0,0,0,1514,0,0,0,1461,1514,3260,1461,97902.0
0,0,0,1515,0,0,0,1462,1515,3262,1462,98002.0
0,0,0,1516,0,0,0,1463,1516,3265,1463,98102.0
0,0,0,1518,0,0,0,1465,1518,3269,1465,98202.0
0,0,0,1519,0,0,0,1466,1519,3273,1466,98302.0
0,0,0,1521,0,0,0,1468,1521,3276,1468,98402.0
0,0,0,1522,0,0,0,1469,1522,3279,1469,98502.0
0,0,0,1524,0,0,0,1471,1524,3284,1471,98602.0
0,0,0,1524,0,0,0,1471,1524,3288,1471,98702.0
0,0,0,1526,0,0,0,1472,1526,3291,1472,98802.0
0,0,0,1528,0,0,0,1474,1528,3295,1474,98902.0
0,0,0,1529,0,0,0,1475,1529,3298,1475,99002.0
0,0,0,1530,0,0,0,1476,1530,3301,1476,99102.0
0,0,0,1532,0,0,0,1478,1532,3305,1478,99202.0
0,0,0,1534,0,0,0,1480,1534,3308,1480,99302.0
0,0,0,1536,0,0,0,1482,1536,3313,1482,99402.0
0,0,0,1537,0,0,0,1483,1537,3316,1483,99502.0
0,0,0,1538,0,0,0,1484,1538,3319,1484,99602.0
0,0,0,1540,0,0,0,1486,1540,3323,1486,99702.0
0,0,0,1541,0,0,0,1487,1541,3326,1487,99802.0
0,0,0,1543,0,0,0,1489,1543,3329,1489,99902.0
0,0,0,1545,0,0,0,1491,1545,3332,1491,100002.0
0,0,0,1546,0,0,0,1492,1546,3334,1492,100102.0
0,0,0,1547,0,0,0,1492,1547,3338,1492,100202.0
0,0,0,1549,0,0,0,1494,1549,3341,1494,100302.0
0,0,0,1551,0,0,0,1496,1551,3346,1496,100402.0
0,0,0,1553,0,0,0,1498,1553,3349,1498,100502.0
0,0,0,1554,0,0,0,1499,1554,3351,1499,100602.0
0,0,0,1556,0,0,0,1501,1556,3354,1501,100702.0
0,0,0,1558,0,0,0,1502,1558,3357,1502,100802.0
0,0,0,1560,0,0,0,1504,1560,3362,1504,100902.0
0,0,0,1562,0,0,0,1506,1562,3364,1506,101002.0
0,0,0,1563,0,0,0,1507,1563,3367,1507,101102.0
0,0,0,1565,0,0,0,1509,1565,3370,1509,101202.0
0,0,0,1567,0,0,0,1511,1567,3372,1511,101302.0
0,0,0,1569,0,0,0,1513,1569,3375,1513,101402.0
0,0,0,1570,0,0,0,1513,1570,3378,1513,101502.0
0,0,0,1571,0,0,0,1514,1571,3382,1514,101602.0
0,0,0,1573,0,0,0,1516,1573,3385,1516,101702.0
0,0,0,1575,0,0,0,1518,1575,3388,1518,101802.0
0,0,0,1576,0,0,0,1519,1576,3391,1519,101902.0
0,0,0,1578,0,0,0,1521,1578,3395,1521,102002.0
0,0,0,1580,0,0,0,1522,1580,3398,1522,102102.0
0,0,0,1582,0,0,0,1524,1582,3402,1524,102202.0
0,0,0,1584,0,0,0,1526,1584,3407,1526,102302.0
0,0,0,1585,0,0,0,1527,1585,3411,1527,102402.0
0,0,0,1587,0,0,0,1529,1587,3416,1529,102502.0
0,0,0,1588,0,0,0,1530,1588,3419,1530,102602.0
0,0,0,1589,0,0,0,1531,1589,3423,1531,102702.0
0,0,0,1590,0,0,0,1531,1590,3426,1531,102802.0
0,0,0,1592,0,0,0,1533,1592,3429,1533,102902.0
0,0,0,1593,0,0,0,1534,1593,3433,1534,103002.0
0,0,0,1595,0,0,0,1536,1595,3437,1536,103102.0
0,0,0,1596,0,0,0,1537,1596,3440,1537,103202.0
0,0,0,1598,0,0,0,1539,1598,3442,1539,103302.0
0,0,0,1600,0,0,0,1541,1600,3445,1541,103402.0
0,0,0,1601,0,0,0,1542,1601,3448,1542,103502.0
0,0,0,1603,0,0,0,1544,1603,3452,1544,103602.0
0,0,0,1605,0,0,0,1546,1605,3455,1546,103702.0
0,0,0,1607,0,0,0,1548,1607,3459,1548,103802.0
0,0,0,1609,0,0,0,1550,1609,3461,1550,103902.0
0,0,0,1610,0,0,0,1551,1610,3465,1551,104002.0
0,0,0,1612,0,0,0,1553,1612,3469,1553,104102.0
0,0,0,1613,0,0,0,1554,1613,3472,1554,104202.0
0,0,0,1615,0,0,0,1556,1615,3475,1556,104302.0
0,0,0,1616,0,0,0,1557,1616,3478,1557,104402.0
0,0,0,1618,0,0,0,1559,1618,3482,1559,104502.0
0,0,0,1620,0,0,0,1561,1620,3486,1561,104602.0
0,0,0,1622,0,0,0,1563,1622,3491,1563,104702.0
0,0,0,1624,0,0,0,1565,1624,3494,1565,104802.0
0,0,0,1627,0,0,0,1568,1627,3498,1568,104902.0
0,0,0,1628,0,0,0,1569,1628,3502,1569,105002.0
0,0,0,1630,0,0,0,1571,1630,3505,1571,105102.0
0,0,0,1632,0,0,0,1573,1632,3508,1573,105202.0
0,0,0,1634,0,0,0,1575,1634,3512,1575,105302.0
0,0,0,1635,0,0,0,1576,1635,3516,1576,105402.0
0,0,0,1637,0,0,0,1578,1637,3519,1578,105502.0
0,0,0,1638,0,0,0,1579,1638,3523,1579,105602.0
0,0,0,1640,0,0,0,1581,1640,3525,1581,105702.0
0,0,0,1641,0,0,0,1582,1641,3530,1582,105802.0
0,0,0,1643,0,0,0,1584,1643,3533,1584,105902.0
0,0,0,1645,0,0,0,1586,1645,3536,1586,106002.0
0,0,0,1647,0,0,0,1588,1647,3539,1588,106102.0
0,0,0,1648,0,0,0,1589,1648,3542,1589,106202.0
0,0,0,1650,0,0,0,1591,1650,3544,1591,106302.0
0,0,0,1651,0,0,0,1592,1651,3547,1592,106402.0
0,0,0,1653,0,0,0,1594,1653,3549,1594,106502.0
0,0,0,1654,0,0,0,1595,1654,3552,1595,106602.0
0,0,0,1656,0,0,0,1597,1656,3555,1597,106702.0
0,0,0,1657,0,0,0,1598,1657,3559,1598,106802.0
0,0,0,1659,0,0,0,1600,1659,3563,1600,106902.0
0,0,0,1661,0,0,0,1602,1661,3567,1602,107002.0
0,0,0,1663,0,0,0,1604,1663,3571,1604,107102.0
0,0,0,1664,0,0,0,1605,1664,3575,1605,107202.0
0,0,0,1665,0,0,0,1606,1665,3578,1606,107302.0
0,0,0,1667,0,0,0,1608,1667,3582,1608,107402.0
0,0,0,1669,0,0,0,1610,1669,3587,1610,107502.0
0,0,0,1671,0,0,0,1612,1671,3590,1612,107602.0
0,0,0,1672,0,0,0,1613,1672,3595,1613,107702.0
0,0,0,1674,0,0,0,1615,1674,3598,1615,107802.0
0,0,0,1675,0,0,0,1616,1675,3602,1616,107902.0
0,0,0,1677,0,0,0,1618,1677,3605,1618,108002.0
0,0,0,1678,0,0,0,1619,1678,3610,1619,108102.0
0,0,0,1680,0,0,0,1621,1680,3613,1621,108202.0
0,0,0,1682,0,0,0,1623,1682,3617,1623,108302.0
0,0,0,1684,0,0,0,1625,1684,3621,1625,108402.0
0,0,0,1686,0,0,0,1627,1686,3624,1627,108502.0
0,0,0,1688,0,0,0,1629,1688,3628,1629,108602.0
0,0,0,1690,0,0,0,1631,1690,3630,1631,108702.0
0,0,0,1692,0,0,0,1633,1692,3633,1633,108802.0
0,0,0,1693,0,0,0,1634,1693,3636,1634,108902.0
0,0,0,1695,0,0,0,1636,1695,3639,1636,109002.0
0,0,0,1697,0,0,0,1638,1697,3644,1638,109102.0
0,0,0,1699,0,0,0,1640,1699,3646,1640,109202.0
0,0,0,1701,0,0,0,1642,1701,3648,1642,109302.0
0,0,0,1702,0,0,0,1643,1702,3652,1643,109402.0
0,0,0,1704,0,0,0,1645,1704,3655,1645,109502.0
0,0,0,1706,0,0,0,1647,1706,3658,1647,109602.0
0,0,0,1707,0,0,0,1648,1707,3661,1648,109702.0
0,0,0,1709,0,0,0,1650,1709,3665,1650,109802.0
0,0,0,1711,0,0,0,1652,1711,3668,1652,109902.0
0,0,0,1713,0,0,0,1654,1713,3672,1654,110002.0
0,0,0,1714,0,0,0,1655,1714,3675,1655,110102.0
0,0,0,1716,0,0,0,1657,1716,3678,1657,110202.0
0,0,0,1718,0,0,0,1659,1718,3680,1659,110302.0
0,0,0,1719,0,0,0,1659,1719,3685,1659,110402.0
0,0,0,1720,0,0,0,1660,1720,3688,1660,110502.0
0,0,0,1722,0,0,0,1662,1722,3691,1662,110602.0
0,0,0,1724,0,0,0,1664,1724,3695,1664,110702.0
0,0,0,1726,0,0,0,1666,1726,3698,1666,110802.0
0,0,0,1728,0,0,0,1668,1728,3701,1668,110902.0
0,0,0,1729,0,0,0,1669,1729,3704,1669,111002.0
0,0,0,1731,0,0,0,1671,1731,3707,1671,111102.0
0,0,0,1733,0,0,0,1673,1733,3711,1673,111202.0
0,0,0,1734,0,0,0,1674,1734,3714,1674,111302.0
0,0,0,1736,0,0,0,1676,1736,3718,1676,111402.0
0,0,0,1738,0,0,0,1678,1738,3722,1678,111502.0
0,0,0,1740,0,0,0,1680,1740,3726,1680,111602.0
0,0,0,1742,0,0,0,1682,1742,3729,1682,111702.0
0,0,0,1744,0,0,0,1684,1744,3732,1684,111802.0
0,0,0,1745,0,0,0,1685,1745,3737,1685,111902.0
0,0,0,1748,0,0,0,1688,1748,3739,1688,112002.0
0,0,0,1749,0,0,0,1688,1749,3742,1688,112102.0
0,0,0,1750,0,0,0,1689,1750,3745,1689,112202.0
0,0,0,1751,0,0,0,1690,1751,3748,1690,112302.0
0,0,0,1754,0,0,0,1693,1754,3751,1693,112402.0
0,0,0,1755,0,0,0,1694,1755,3754,1694,112502.0
0,0,0,1757,0,0,0,1696,1757,3757,1696,112602.0
0,0,0,1758,0,0,0,1697,1758,3761,1697,112702.0
0,0,0,1760,0,0,0,1699,1760,3765,1699,112802.0
0,0,0,1762,0,0,0,1701,1762,3769,1701,112902.0
0,0,0,1763,0,0,0,1702,1763,3772,1702,113002.0
0,0,0,1764,0,0,0,1702,1764,3775,1702,113102.0
0,0,0,1766,0,0,0,1704,1766,3778,1704,113202.0
0,0,0,1767,0,0,0,1705,1767,3781,1705,113302.0
0,0,0,1769,0,0,0,1707,1769,3783,1707,113402.0
0,0,0,1771,0,0,0,1709,1771,3786,1709,113502.0
0,0,0,1772,0,0,0,1710,1772,3790,1710,113602.0
0,0,0,1774,0,0,0,1712,1774,3793,1712,113702.0
0,0,0,1775,0,0,0,1713,1775,3797,1713,113802.0
0,0,0,1776,0,0,0,1714,1776,3800,1714,113902.0
0,0,0,1778,0,0,0,1716,1778,3804,1716,114002.0
0,0,0,1780,0,0,0,1718,1780,3808,1718,114102.0
0,0,0,1782,0,0,0,1720,1782,3811,1720,114202.0
0,0,0,1783,0,0,0,1721,1783,3814,1721,114302.0
0,0,0,1785,0,0,0,1723,1785,3818,1723,114402.0
0,0,0,1787,0,0,0,1725,1787,3822,1725,114502.0
0,0,0,1788,0,0,0,1726,1788,3825,1726,114602.0
0,0,0,1790,0,0,0,1728,1790,3828,1728,114702.0
0,0,0,1792,0,0,0,1730,1792,3831,1730,114802.0
0,0,0,1794,0,0,0,1732,1794,3834,1732,114902.0
0,0,0,1796,0,0,0,1734,1796,3837,1734,115002.0
0,0,0,1798,0,0,0,1736,1798,3842,1736,115102.0
0,0,0,1799,0,0,0,1737,1799,3846,1737,115202.0
0,0,0,1801,0,0,0,1739,1801,3851,1739,115302.0
0,0,0,1803,0,0,0,1741,1803,3855,1741,115402.0
0,0,0,1805,0,0,0,1743,1805,3857,1743,115502.0
0,0,0,1806,0,0,0,1744,1806,3862,1744,115602.0
0,0,0,1808,0,0,0,1746,1808,3865,1746,115702.0
0,0,0,1810,0,0,0,1748,1810,3868,1748,115802.0
0,0,0,1811,0,0,0,1749,1811,3871,1749,115902.0
0,0,0,1813,0,0,0,1751,1813,3875,1751,116002.0
0,0,0,1815,0,0,0,1753,1815,3878,1753,116102.0
0,0,0,1817,0,0,0,1755,1817,3880,1755,116202.0
0,0,0,1819,0,0,0,1757,1819,3882,1757,116302.0
0,0,0,1820,0,0,0,1758,1820,3885,1758,116402.0
0,0,0,1821,0,0,0,1759,1821,3888,1759,116502.0
0,0,0,1823,0,0,0,1761,1823,3890,1761,116602.0
0,0,0,1823,0,0,0,1761,1823,3894,1761,116702.0
0,0,0,1825,0,0,0,1763,1825,3898,1763,116802.0
0,0,0,1827,0,0,0,1765,1827,3900,1765,116902.0
0,0,0,1829,0,0,0,1767,1829,3905,1767,117002.0
0,0,0,1831,0,0,0,1769,1831,3908,1769,117102.0
0,0,0,1832,0,0,0,1770,1832,3911,1770,117202.0
0,0,0,1834,0,0,0,1772,1834,3915,1772,117302.0
0,0,0,1835,0,0,0,1773,1835,3918,1773,117402.0
0,0,0,1837,0,0,0,1775,1837,3922,1775,117502.0
0,0,0,1839,0,0,0,1777,1839,3924,1777,117602.0
0,0,0,1840,0,0,0,1777,1840,3927,1777,117702.0
0,0,0,1841,0,0,0,1778,1841,3931,1778,117802.0
0,0,0,1843,0,0,0,1780,1843,3934,1780,117902.0
0,0,0,1844,0,0,0,1781,1844,3937,1781,118002.0
0,0,0,1846,0,0,0,1783,1846,3939,1783,118102.0
0,0,0,1847,0,0,0,1784,1847,3942,1784,118202.0
0,0,0,1849,0,0,0,1786,1849,3945,1786,118302.0
0,0,0,1851,0,0,0,1788,1851,3949,1788,118402.0
0,0,0,1853,0,0,0,1790,1853,3954,1790,118502.0
0,0,0,1854,0,0,0,1791,1854,3958,1791,118602.0
0,0,0,1856,0,0,0,1793,1856,3961,1793,118702.0
0,0,0,1858,0,0,0,1795,1858,3964,1795,118802.0
0,0,0,1860,0,0,0,1797,1860,3967,1797,118902.0
0,0,0,1862,0,0,0,1799,1862,3970,1799,119002.0
0,0,0,1863,0,0,0,1800,1863,3973,1800,119102.0
0,0,0,1864,0,0,0,1800,1864,3976,1800,119202.0
0,0,0,1866,0,0,0,1802,1866,3979,1802,119302.0
0,0,0,1867,0,0,0,1803,1867,3981,1803,119402.0
0,0,0,1869,0,0,0,1805,1869,3985,1805,119502.0
0,0,0,1871,0,0,0,1807,1871,3988,1807,119602.0
0,0,0,1872,0,0,0,1808,1872,3991,1808,119702.0
0,0,0,1874,0,0,0,1809,1874,3994,1809,119802.0
0,0,0,1876,0,0,0,1811,1876,3998,1811,119902.0
0,0,0,1878,0,0,0,1813,1878,4002,1813,120002.0
0,0,0,1880,0,0,0,1815,1880,4005,1815,120102.0
0,0,0,1881,0,0,0,1816,1881,4008,1816,120202.0
0,0,0,1883,0,0,0,1817,1883,4012,1817,120302.0
0,0,0,1884,0,0,0,1818,1884,4014,1818,120402.0
0,0,0,1885,0,0,0,1819,1885,4018,1819,120502.0
0,0,0,1887,0,0,0,1821,1887,4022,1821,120602.0
0,0,0,1889,0,0,0,1823,1889,4024,1823,120702.0
0,0,0,1891,0,0,0,1825,1891,4027,1825,120802.0
0,0,0,1892,0,0,0,1826,1892,4031,1826,120902.0
0,0,0,1894,0,0,0,1828,1894,4035,1828,121002.0
0,0,0,1896,0,0,0,1830,1896,4038,1830,121102.0
0,0,0,1898,0,0,0,1832,1898,4041,1832,121202.0
0,0,0,1900,0,0,0,1834,1900,4047,1834,121302.0
0,0,0,1902,0,0,0,1836,1902,4049,1836,121402.0
0,0,0,1904,0,0,0,1838,1904,4051,1838,121502.0
0,0,0,1905,0,0,0,1839,1905,4056,1839,121602.0
0,0,0,1907,0,0,0,1841,1907,4058,1841,121702.0
0,0,0,1908,0,0,0,1842,1908,4061,1842,121802.0
0,0,0,1910,0,0,0,1844,1910,4064,1844,121902.0
0,0,0,1911,0,0,0,1845,1911,4067,1845,122002.0
0,0,0,1913,0,0,0,1846,1913,4071,1846,122102.0
0,0,0,1914,0,0,0,1847,1914,4074,1847,122202.0
0,0,0,1915,0,0,0,1848,1915,4079,1848,122302.0
0,0,0,1917,0,0,0,1850,1917,4084,1850,122402.0
0,0,0,1918,0,0,0,1851,1918,4086,1851,122502.0
0,0,0,1920,0,0,0,1853,1920,4089,1853,122602.0
0,0,0,1921,0,0,0,1854,1921,4092,1854,122702.0
0,0,0,1923,0,0,0,1856,1923,4094,1856,122802.0
0,0,0,1924,0,0,0,1857,1924,4097,1857,122902.0
0,0,0,1926,0,0,0,1859,1926,4101,1859,123002.0
0,0,0,1928,0,0,0,1861,1928,4105,1861,123102.0
0,0,0,1929,0,0,0,1862,1929,4108,1862,123202.0
0,0,0,1931,0,0,0,1864,1931,4112,1864,123302.0
0,0,0,1932,0,0,0,1865,1932,4116,1865,123402.0
0,0,0,1935,0,0,0,1868,1935,4119,1868,123502.0
0,0,0,1937,0,0,0,1870,1937,4122,1870,123602.0
0,0,0,1938,0,0,0,1871,1938,4125,1871,123702.0
0,0,0,1940,0,0,0,1873,1940,4128,1873,123802.0
0,0,0,1941,0,0,0,1874,1941,4131,1874,123902.0
0,0,0,1942,0,0,0,1875,1942,4135,1875,124002.0
0,0,0,1944,0,0,0,1876,1944,4137,1876,124102.0
0,0,0,1945,0,0,0,1877,1945,4142,1877,124202.0
0,0,0,1947,0,0,0,1879,1947,4146,1879,124302.0
0,0,0,1948,0,0,0,1880,1948,4151,1880,124402.0
0,0,0,1950,0,0,0,1882,1950,4155,1882,124502.0
0,0,0,1952,0,0,0,1884,1952,4159,1884,124602.0
0,0,0,1953,0,0,0,1885,1953,4162,1885,124702.0
0,0,0,1955,0,0,0,1887,1955,4164,1887,124802.0
0,0,0,1956,0,0,0,1887,1956,4167,1887,124902.0
0,0,0,1956,0,0,0,1887,1956,4169,1887,125002.0
0,0,0,1958,0,0,0,1888,1958,4173,1888,125102.0
0,0,0,1960,0,0,0,1890,1960,4176,1890,125202.0
0,0,0,1961,0,0,0,1891,1961,4178,1891,125302.0
0,0,0,1963,0,0,0,1892,1963,4181,1892,125402.0
0,0,0,1965,0,0,0,1894,1965,4185,1894,125502.0
0,0,0,1966,0,0,0,1895,1966,4187,1895,125602.0
0,0,0,1968,0,0,0,1897,1968,4190,1897,125702.0
0,0,0,1969,0,0,0,1898,1969,4193,1898,125802.0
0,0,0,1971,0,0,0,1900,1971,4196,1900,125902.0
0,0,0,1972,0,0,0,1901,1972,4199,1901,126002.0
0,0,0,1974,0,0,0,1903,1974,4201,1903,126102.0
0,0,0,1974,0,0,0,1903,1974,4205,1903,126202.0
0,0,0,1975,0,0,0,1903,1975,4210,1903,126302.0
0,0,0,1977,0,0,0,1904,1977,4215,1904,126402.0
0,0,0,1979,0,0,0,1906,1979,4218,1906,126502.0
0,0,0,1981,0,0,0,1908,1981,4221,1908,126602.0
0,0,0,1982,0,0,0,1909,1982,4225,1909,126702.0
0,0,0,1984,0,0,0,1911,1984,4229,1911,126802.0
0,0,0,1986,0,0,0,1913,1986,4233,1913,126902.0
0,0,0,1987,0,0,0,1914,1987,4236,1914,127002.0
0,0,0,1989,0,0,0,1916,1989,4241,1916,127102.0
0,0,0,1990,0,0,0,1917,1990,4245,1917,127202.0
0,0,0,1991,0,0,0,1917,1991,4249,1917,127302.0
0,0,0,1993,0,0,0,1919,1993,4252,1919,127402.0
0,0,0,1995,0,0,0,1921,1995,4255,1921,127502.0
0,0,0,1996,0,0,0,1922,1996,4260,1922,127602.0
0,0,0,1998,0,0,0,1924,1998,4264,1924,127702.0
0,0,0,1999,0,0,0,1925,1999,4269,1925,127802.0
0,0,0,2001,0,0,0,1927,2001,4271,1927,127902.0
0,0,0,2003,0,0,0,1929,2003,4274,1929,128002.0
0,0,0,2004,0,0,0,1930,2004,4277,1930,128102.0
0,0,0,2006,0,0,0,1932,2006,4282,1932,128202.0
0,0,0,2007,0,0,0,1933,2007,4287,1933,128302.0
0,0,0,2009,0,0,0,1935,2009,4289,1935,128402.0
0,0,0,2011,0,0,0,1937,2011,4292,1937,128502.0
0,0,0,2012,0,0,0,1938,2012,4295,1938,128602.0
0,0,0,2013,0,0,0,1938,2013,4298,1938,128702.0
0,0,0,2014,0,0,0,1939,2014,4302,1939,128802.0
0,0,0,2016,0,0,0,1940,2016,4305,1940,128902.0
0,0,0,2018,0,0,0,1942,2018,4308,1942,129002.0
0,0,0,2019,0,0,0,1943,2019,4311,1943,129102.0
0,0,0,2021,0,0,0,1945,2021,4316,1945,129202.0
0,0,0,2022,0,0,0,1946,2022,4318,1946,129302.0
0,0,0,2024,0,0,0,1948,2024,4322,1948,129402.0
0,0,0,2026,0,0,0,1950,2026,4326,1950,129502.0
0,0,0,2028,0,0,0,1952,2028,4330,1952,129602.0
0,0,0,2029,0,0,0,1953,2029,4333,1953,129702.0
0,0,0,2031,0,0,0,1955,2031,4337,1955,129802.0
0,0,0,2033,0,0,0,1957,2033,4339,1957,129902.0
0,0,0,2035,0,0,0,1959,2035,4343,1959,130002.0
0,0,0,2037,0,0,0,1961,2037,4346,1961,130102.0
0,0,0,2039,0,0,0,1963,2039,4350,1963,130202.0
0,0,0,2040,0,0,0,1964,2040,4354,1964,130302.0
0,0,0,2042,0,0,0,1966,2042,4356,1966,130402.0
0,0,0,2043,0,0,0,1967,2043,4361,1967,130502.0
0,0,0,2045,0,0,0,1969,2045,4366,1969,130602.0
0,0,0,2047,0,0,0,1971,2047,4369,1971,130702.0
0,0,0,2049,0,0,0,1973,2049,4372,1973,130802.0
0,0,0,2051,0,0,0,1975,2051,4375,1975,130902.0
0,0,0,2052,0,0,0,1976,2052,4378,1976,131002.0
0,0,0,2054,0,0,0,1978,2054,4382,1978,131102.0
0,0,0,2056,0,0,0,1980,2056,4386,1980,131202.0
0,0,0,2057,0,0,0,1981,2057,4389,1981,131302.0
0,0,0,2059,0,0,0,1983,2059,4392,1983,131402.0
0,0,0,2060,0,0,0,1984,2060,4395,1984,131502.0
0,0,0,2062,0,0,0,1986,2062,4398,1986,131602.0
0,0,0,2064,0,0,0,1988,2064,4402,1988,131702.0
0,0,0,2065,0,0,0,1989,2065,4406,1989,131802.0
0,0,0,2067,0,0,0,1991,2067,4410,1991,131902.0
0,0,0,2069,0,0,0,1993,2069,4412,1993,132002.0
0,0,0,2071,0,0,0,1995,2071,4415,1995,132102.0
0,0,0,2072,0,0,0,1996,2072,4419,1996,132202.0
0,0,0,2074,0,0,0,1998,2074,4423,1998,132302.0
0,0,0,2075,0,0,0,1998,2075,4426,1998,132402.0
0,0,0,2076,0,0,0,1999,2076,4429,1999,132502.0
0,0,0,2078,0,0,0,2001,2078,4432,2001,132602.0
0,0,0,2080,0,0,0,2003,2080,4435,2003,132702.0
0,0,0,2081,0,0,0,2004,2081,4438,2004,132802.0
0,0,0,2083,0,0,0,2006,2083,4442,2006,132902.0
0,0,0,2085,0,0,0,2008,2085,4446,2008,133002.0
0,0,0,2087,0,0,0,2010,2087,4450,2010,133102.0
0,0,0,2089,0,0,0,2012,2089,4454,2012,133202.0
0,0,0,2091,0,0,0,2014,2091,4458,2014,133302.0
0,0,0,2093,0,0,0,2016,2093,4463,2016,133402.0
0,0,0,2095,0,0,0,2018,2095,4465,2018,133502.0
0,0,0,2097,0,0,0,2020,2097,4468,2020,133602.0
0,0,0,2098,0,0,0,2021,2098,4471,2021,133702.0
0,0,0,2100,0,0,0,2023,2100,4474,2023,133802.0
0,0,0,2101,0,0,0,2024,2101,4477,2024,133902.0
0,0,0,2102,0,0,0,2025,2102,4481,2025,134002.0
0,0,0,2103,0,0,0,2026,2103,4485,2026,134102.0
0,0,0,2105,0,0,0,2027,2105,4490,2027,134202.0
0,0,0,2107,0,0,0,2029,2107,4492,2029,134302.0
0,0,0,2108,0,0,0,2030,2108,4495,2030,134402.0
0,0,0,2110,0,0,0,2032,2110,4499,2032,134502.0
0,0,0,2112,0,0,0,2034,2112,4503,2034,134602.0
0,0,0,2114,0,0,0,2036,2114,4506,2036,134702.0
0,0,0,2115,0,0,0,2036,2115,4510,2036,134802.0
0,0,0,2116,0,0,0,2037,2116,4513,2037,134902.0
0,0,0,2117,0,0,0,2038,2117,4517,2038,135002.0
0,0,0,2120,0,0,0,2041,2120,4520,2041,135102.0
0,0,0,2121,0,0,0,2042,2121,4523,2042,135202.0
0,0,0,2123,0,0,0,2044,2123,4526,2044,135302.0
0,0,0,2125,0,0,0,2046,2125,4530,2046,135402.0
0,0,0,2126,0,0,0,2047,2126,4533,2047,135502.0
0,0,0,2128,0,0,0,2049,2128,4537,2049,135602.0
0,0,0,2130,0,0,0,2051,2130,4541,2051,135702.0
0,0,0,2132,0,0,0,2053,2132,4543,2053,135802.0
0,0,0,2133,0,0,0,2054,2133,4547,2054,135902.0
0,0,0,2135,0,0,0,2056,2135,4552,2056,136002.0
0,0,0,2136,0,0,0,2056,2136,4556,2056,136102.0
0,0,0,2137,0,0,0,2057,2137,4559,2057,136202.0
0,0,0,2139,0,0,0,2059,2139,4562,2059,136302.0
0,0,0,2141,0,0,0,2061,2141,4565,2061,136402.0
0,0,0,2142,0,0,0,2062,2142,4569,2062,136502.0
0,0,0,2144,0,0,0,2064,2144,4573,2064,136602.0
0,0,0,2146,0,0,0,2066,2146,4576,2066,136702.0
0,0,0,2147,0,0,0,2067,2147,4581,2067,136802.0
0,0,0,2149,0,0,0,2069,2149,4584,2069,136902.0
0,0,0,2150,0,0,0,2069,2150,4588,2069,137002.0
0,0,0,2152,0,0,0,2071,2152,4591,2071,137102.0
0,0,0,2153,0,0,0,2072,2153,4595,2072,137202.0
0,0,0,2156,0,0,0,2075,2156,4599,2075,137302.0
0,0,0,2158,0,0,0,2077,2158,4603,2077,137402.0
0,0,0,2159,0,0,0,2078,2159,4605,2078,137502.0
0,0,0,2161,0,0,0,2080,2161,4608,2080,137602.0
0,0,0,2163,0,0,0,2082,2163,4612,2082,137702.0
0,0,0,2164,0,0,0,2083,2164,4616,2083,137802.0
0,0,0,2166,0,0,0,2084,2166,4618,2084,137902.0
0,0,0,2168,0,0,0,2085,2168,4621,2085,138002.0
0,0,0,2170,0,0,0,2087,2170,4624,2087,138102.0
0,0,0,2171,0,0,0,2088,2171,4627,2088,138202.0
0,0,0,2173,0,0,0,2090,2173,4631,2090,138302.0
0,0,0,2175,0,0,0,2092,2175,4635,2092,138402.0
0,0,0,2177,0,0,0,2094,2177,4638,2094,138502.0
0,0,0,2178,0,0,0,2095,2178,4642,2095,138602.0
0,0,0,2180,0,0,0,2097,2180,4648,2097,138702.0
0,0,0,2181,0,0,0,2098,2181,4650,2098,138802.0
0,0,0,2183,0,0,0,2100,2183,4654,2100,138902.0
0,0,0,2185,0,0,0,2102,2185,4657,2102,139002.0
0,0,0,2186,0,0,0,2103,2186,4661,2103,139102.0
0,0,0,2189,0,0,0,2106,2189,4665,2106,139202.0
0,0,0,2190,0,0,0,2107,2190,4668,2107,139302.0
0,0,0,2192,0,0,0,2109,2192,4671,2109,139402.0
0,0,0,2193,0,0,0,2110,2193,4673,2110,139502.0
0,0,0,2195,0,0,0,2112,2195,4677,2112,139602.0
0,0,0,2197,0,0,0,2114,2197,4681,2114,139702.0
0,0,0,2198,0,0,0,2115,2198,4685,2115,139802.0
0,0,0,2199,0,0,0,2116,2199,4690,2116,139902.0
0,0,0,2201,0,0,0,2118,2201,4694,2118,140002.0
0,0,0,2202,0,0,0,2119,2202,4698,2119,140102.0
0,0,0,2203,0,0,0,2120,2203,4702,2120,140202.0
0,0,0,2205,0,0,0,2122,2205,4704,2122,140302.0
0,0,0,2207,0,0,0,2124,2207,4708,2124,140402.0
0,0,0,2209,0,0,0,2126,2209,4711,2126,140502.0
0,0,0,2211,0,0,0,2128,2211,4713,2128,140602.0
0,0,0,2213,0,0,0,2130,2213,4718,2130,140702.0
0,0,0,2215,0,0,0,2132,2215,4721,2132,140802.0
0,0,0,2216,0,0,0,2132,2216,4723,2132,140902.0
0,0,0,2216,0,0,0,2132,2216,4726,2132,141002.0
0,0,0,2218,0,0,0,2133,2218,4729,2133,141102.0
0,0,0,2220,0,0,0,2135,2220,4732,2135,141202.0
0,0,0,2222,0,0,0,2137,2222,4735,2137,141302.0
0,0,0,2223,0,0,0,2138,2223,4738,2138,141402.0
0,0,0,2226,0,0,0,2141,2226,4741,2141,141502.0
0,0,0,2227,0,0,0,2142,2227,4744,2142,141602.0
0,0,0,2229,0,0,0,2144,2229,4747,2144,141702.0
0,0,0,2230,0,0,0,2145,2230,4752,2145,141802.0
0,0,0,2232,0,0,0,2147,2232,4755,2147,141902.0
0,0,0,2234,0,0,0,2149,2234,4759,2149,142002.0
0,0,0,2235,0,0,0,2150,2235,4764,2150,142102.0
0,0,0,2237,0,0,0,2152,2237,4767,2152,142202.0
0,0,0,2239,0,0,0,2154,2239,4771,2154,142302.0
0,0,0,2241,0,0,0,2156,2241,4774,2156,142402.0
0,0,0,2243,0,0,0,2158,2243,4778,2158,142502.0
0,0,0,2244,0,0,0,2159,2244,4781,2159,142602.0
0,0,0,2246,0,0,0,2161,2246,4786,2161,142702.0
0,0,0,2247,0,0,0,2162,2247,4790,2162,142802.0
0,0,0,2249,0,0,0,2164,2249,4793,2164,142902.0
0,0,0,2251,0,0,0,2166,2251,4797,2166,143002.0
0,0,0,2253,0,0,0,2168,2253,4800,2168,143102.0
0,0,0,2254,0,0,0,2169,2254,4803,2169,143202.0
0,0,0,2256,0,0,0,2171,2256,4807,2171,143302.0
0,0,0,2257,0,0,0,2172,2257,4812,2172,143402.0
0,0,0,2259,0,0,0,2174,2259,4816,2174,143502.0
0,0,0,2261,0,0,0,2176,2261,4819,2176,143602.0
0,0,0,2263,0,0,0,2178,2263,4822,2178,143702.0
0,0,0,2265,0,0,0,2180,2265,4826,2180,143802.0
0,0,0,2266,0,0,0,2181,2266,4829,2181,143902.0
0,0,0,2267,0,0,0,2181,2267,4831,2181,144002.0
0,0,0,2268,0,0,0,2182,2268,4834,2182,144102.0
0,0,0,2270,0,0,0,2184,2270,4836,2184,144202.0
0,0,0,2271,0,0,0,2185,2271,4840,2185,144302.0
0,0,0,2272,0,0,0,2186,2272,4843,2186,144402.0
0,0,0,2274,0,0,0,2187,2274,4845,2187,144502.0
0,0,0,2276,0,0,0,2189,2276,4849,2189,144602.0
0,0,0,2277,0,0,0,2190,2277,4853,2190,144702.0
0,0,0,2279,0,0,0,2192,2279,4856,2192,144802.0
0,0,0,2280,0,0,0,2193,2280,4859,2193,144902.0
0,0,0,2282,0,0,0,2195,2282,4863,2195,145002.0
0,0,0,2284,0,0,0,2197,2284,4866,2197,145102.0
0,0,0,2286,0,0,0,2199,2286,4869,2199,145202.0
0,0,0,2288,0,0,0,2201,2288,4873,2201,145302.0
0,0,0,2289,0,0,0,2202,2289,4878,2202,145402.0
0,0,0,2291,0,0,0,2204,2291,4881,2204,145502.0
0,0,0,2291,0,0,0,2204,2291,4885,2204,145602.0
0,0,0,2293,0,0,0,2205,2293,4889,2205,145702.0
0,0,0,2294,0,0,0,2206,2294,4893,2206,145802.0
0,0,0,2296,0,0,0,2208,2296,4895,2208,145902.0
0,0,0,2297,0,0,0,2209,2297,4900,2209,146002.0
0,0,0,2298,0,0,0,2210,2298,4903,2210,146102.0
0,0,0,2299,0,0,0,2210,2299,4907,2210,146202.0
0,0,0,2301,0,0,0,2212,2301,4910,2212,146302.0
0,0,0,2302,0,0,0,2213,2302,4912,2213,146402.0
0,0,0,2304,0,0,0,2214,2304,4916,2214,146502.0
0,0,0,2305,0,0,0,2215,2305,4919,2215,146602.0
0,0,0,2307,0,0,0,2217,2307,4922,2217,146702.0
0,0,0,2309,0,0,0,2219,2309,4925,2219,146802.0
0,0,0,2310,0,0,0,2220,2310,4928,2220,146902.0
0,0,0,2312,0,0,0,2222,2312,4932,2222,147002.0
0,0,0,2314,0,0,0,2224,2314,4935,2224,147102.0
0,0,0,2315,0,0,0,2225,2315,4938,2225,147202.0
0,0,0,2317,0,0,0,2227,2317,4941,2227,147302.0
0,0,0,2318,0,0,0,2228,2318,4944,2228,147402.0
0,0,0,2320,0,0,0,2230,2320,4948,2230,147502.0
0,0,0,2321,0,0,0,2231,2321,4950,2231,147602.0
0,0,0,2323,0,0,0,2233,2323,4953,2233,147702.0
0,0,0,2324,0,0,0,2234,2324,4956,2234,147802.0
0,0,0,2326,0,0,0,2236,2326,4959,2236,147902.0
0,0,0,2327,0,0,0,2237,2327,4964,2237,148002.0
0,0,0,2329,0,0,0,2239,2329,4967,2239,148102.0
0,0,0,2331,0,0,0,2241,2331,4972,2241,148202.0
0,0,0,2333,0,0,0,2243,2333,4975,2243,148302.0
0,0,0,2334,0,0,0,2244,2334,4979,2244,148402.0
0,0,0,2336,0,0,0,2246,2336,4984,2246,148502.0
0,0,0,2337,0,0,0,2247,2337,4988,2247,148602.0
0,0,0,2338,0,0,0,2248,2338,4992,2248,148702.0
0,0,0,2340,0,0,0,2250,2340,4995,2250,148802.0
0,0,0,2341,0,0,0,2251,2341,4999,2251,148902.0
0,0,0,2343,0,0,0,2253,2343,5003,2253,149002.0
0,0,0,2344,0,0,0,2254,2344,5005,2254,149102.0
0,0,0,2345,0,0,0,2255,2345,5008,2255,149202.0
0,0,0,2346,0,0,0,2255,2346,5011,2255,149302.0
0,0,0,2348,0,0,0,2257,2348,5015,2257,149402.0
0,0,0,2350,0,0,0,2259,2350,5019,2259,149502.0
0,0,0,2351,0,0,0,2260,2351,5022,2260,149602.0
0,0,0,2352,0,0,0,2260,2352,5025,2260,149702.0
0,0,0,2354,0,0,0,2262,2354,5029,2262,149802.0
0,0,0,2355,0,0,0,2263,2355,5032,2263,149902.0
0,0,0,2357,0,0,0,2265,2357,5035,2265,150002.0
0,0,0,2358,0,0,0,2265,2358,5039,2265,150102.0
0,0,0,2359,0,0,0,2266,2359,5042,2266,150202.0
0,0,0,2361,0,0,0,2268,2361,5046,2268,150302.0
0,0,0,2362,0,0,0,2268,2362,5049,2268,150402.0
0,0,0,2364,0,0,0,2270,2364,5053,2270,150502.0
0,0,0,2365,0,0,0,2271,2365,5056,2271,150602.0
0,0,0,2367,0,0,0,2273,2367,5060,2273,150702.0
0,0,0,2369,0,0,0,2275,2369,5063,2275,150802.0
0,0,0,2370,0,0,0,2276,2370,5065,2276,150902.0
0,0,0,2373,0,0,0,2279,2373,5068,2279,151002.0
0,0,0,2374,0,0,0,2280,2374,5071,2280,151102.0
0,0,0,2376,0,0,0,2282,2376,5074,2282,151202.0
0,0,0,2378,0,0,0,2284,2378,5078,2284,151302.0
0,0,0,2380,0,0,0,2286,2380,5082,2286,151402.0
0,0,0,2382,0,0,0,2288,2382,5086,2288,151502.0
0,0,0,2383,0,0,0,2289,2383,5088,2289,151602.0
0,0,0,2384,0,0,0,2290,2384,5091,2290,151702.0
0,0,0,2387,0,0,0,2293,2387,5093,2293,151802.0
0,0,0,2389,0,0,0,2295,2389,5097,2295,151902.0
0,0,0,2390,0,0,0,2296,2390,5101,2296,152002.0
0,0,0,2392,0,0,0,2298,2392,5104,2298,152102.0
0,0,0,2393,0,0,0,2299,2393,5107,2299,152202.0
0,0,0,2395,0,0,0,2301,2395,5112,2301,152302.0
0,0,0,2397,0,0,0,2303,2397,5117,2303,152402.0
0,0,0,2399,0,0,0,2305,2399,5121,2305,152502.0
0,0,0,2400,0,0,0,2306,2400,5125,2306,152602.0
0,0,0,2402,0,0,0,2308,2402,5128,2308,152702.0
0,0,0,2404,0,0,0,2310,2404,5131,2310,152802.0
0,0,0,2406,0,0,0,2312,2406,5135,2312,152902.0
0,0,0,2407,0,0,0,2313,2407,5138,2313,153002.0
0,0,0,2409,0,0,0,2315,2409,5142,2315,153102.0
0,0,0,2411,0,0,0,2317,2411,5144,2317,153202.0
0,0,0,2412,0,0,0,2318,2412,5148,2318,153302.0
0,0,0,2413,0,0,0,2319,2413,5151,2319,153402.0
0,0,0,2415,0,0,0,2321,2415,5154,2321,153502.0
0,0,0,2417,0,0,0,2323,2417,5158,2323,153602.0
0,0,0,2419,0,0,0,2325,2419,5160,2325,153702.0
0,0,0,2420,0,0,0,2326,2420,5163,2326,153802.0
0,0,0,2422,0,0,0,2328,2422,5165,2328,153902.0
0,0,0,2424,0,0,0,2330,2424,5169,2330,154002.0
0,0,0,2425,0,0,0,2331,2425,5173,2331,154102.0
0,0,0,2426,0,0,0,2332,2426,5176,2332,154202.0
0,0,0,2428,0,0,0,2334,2428,5179,2334,154302.0
0,0,0,2430,0,0,0,2336,2430,5182,2336,154402.0
0,0,0,2432,0,0,0,2338,2432,5185,2338,154502.0
0,0,0,2433,0,0,0,2339,2433,5190,2339,154602.0
0,0,0,2435,0,0,0,2341,2435,5192,2341,154702.0
0,0,0,2437,0,0,0,2343,2437,5196,2343,154802.0
0,0,0,2438,0,0,0,2344,2438,5201,2344,154902.0
0,0,0,2439,0,0,0,2344,2439,5204,2344,155002.0
0,0,0,2440,0,0,0,2345,2440,5207,2345,155102.0
0,0,0,2442,0,0,0,2346,2442,5209,2346,155202.0
0,0,0,2444,0,0,0,2348,2444,5212,2348,155302.0
0,0,0,2446,0,0,0,2350,2446,5215,2350,155402.0
0,0,0,2448,0,0,0,2352,2448,5218,2352,155502.0
0,0,0,2449,0,0,0,2353,2449,5222,2353,155602.0
0,0,0,2452,0,0,0,2356,2452,5225,2356,155702.0
0,0,0,2453,0,0,0,2357,2453,5229,2357,155802.0
0,0,0,2455,0,0,0,2359,2455,5232,2359,155902.0
0,0,0,2457,0,0,0,2361,2457,5236,2361,156002.0
0,0,0,2459,0,0,0,2363,2459,5239,2363,156102.0
0,0,0,2461,0,0,0,2365,2461,5244,2365,156202.0
0,0,0,2463,0,0,0,2367,2463,5247,2367,156302.0
0,0,0,2464,0,0,0,2368,2464,5250,2368,156402.0
0,0,0,2466,0,0,0,2370,2466,5254,2370,156502.0
0,0,0,2469,0,0,0,2373,2469,5257,2373,156602.0
0,0,0,2470,0,0,0,2374,2470,5260,2374,156702.0
0,0,0,2472,0,0,0,2376,2472,5264,2376,156802.0
0,0,0,2474,0,0,0,2378,2474,5266,2378,156902.0
0,0,0,2475,0,0,0,2379,2475,5269,2379,157002.0
0,0,0,2477,0,0,0,2381,2477,5273,2381,157102.0
0,0,0,2478,0,0,0,2381,2478,5275,2381,157202.0
0,0,0,2479,0,0,0,2382,2479,5279,2382,157302.0
0,0,0,2481,0,0,0,2384,2481,5281,2384,157402.0
0,0,0,2483,0,0,0,2386,2483,5285,2386,157502.0
0,0,0,2485,0,0,0,2388,2485,5289,2388,157602.0
0,0,0,2487,0,0,0,2390,2487,5292,2390,157702.0
0,0,0,2488,0,0,0,2391,2488,5295,2391,157802.0
0,0,0,2490,0,0,0,2393,2490,5299,2393,157902.0
0,0,0,2492,0,0,0,2395,2492,5303,2395,158002.0
0,0,0,2494,0,0,0,2397,2494,5307,2397,158102.0
0,0,0,2496,0,0,0,2399,2496,5310,2399,158202.0
0,0,0,2498,0,0,0,2401,2498,5314,2401,158302.0
0,0,0,2500,0,0,0,2403,2500,5317,2403,158402.0
0,0,0,2501,0,0,0,2404,2501,5320,2404,158502.0
0,0,0,2503,0,0,0,2406,2503,5323,2406,158602.0
0,0,0,2505,0,0,0,2408,2505,5327,2408,158702.0
0,0,0,2507,0,0,0,2410,2507,5331,2410,158802.0
0,0,0,2509,0,0,0,2412,2509,5333,2412,158902.0
0,0,0,2510,0,0,0,2413,2510,5337,2413,159002.0
0,0,0,2512,0,0,0,2415,2512,5340,2415,159102.0
0,0,0,2513,0,0,0,2416,2513,5344,2416,159202.0
0,0,0,2515,0,0,0,2418,2515,5347,2418,159302.0
0,0,0,2517,0,0,0,2420,2517,5351,2420,159402.0
0,0,0,2519,0,0,0,2422,2519,5354,2422,159502.0
0,0,0,2520,0,0,0,2423,2520,5357,2423,159602.0
0,0,0,2521,0,0,0,2424,2521,5360,2424,159702.0
0,0,0,2522,0,0,0,2424,2522,5362,2424,159802.0
0,0,0,2523,0,0,0,2425,2523,5366,2425,159902.0
0,0,0,2525,0,0,0,2427,2525,5369,2427,160002.0
0,0,0,2526,0,0,0,2428,2526,5373,2428,160102.0
0,0,0,2528,0,0,0,2430,2528,5378,2430,160202.0
0,0,0,2529,0,0,0,2431,2529,5381,2431,160302.0
0,0,0,2530,0,0,0,2431,2530,5384,2431,160402.0
0,0,0,2532,0,0,0,2433,2532,5387,2433,160502.0
0,0,0,2534,0,0,0,2435,2534,5390,2435,160602.0
0,0,0,2535,0,0,0,2436,2535,5394,2436,160702.0
0,0,0,2537,0,0,0,2438,2537,5397,2438,160802.0
0,0,0,2539,0,0,0,2440,2539,5400,2440,160902.0
0,0,0,2540,0,0,0,2441,2540,5403,2441,161002.0
0,0,0,2542,0,0,0,2443,2542,5407,2443,161102.0
0,0,0,2543,0,0,0,2444,2543,5410,2444,161202.0
0,0,0,2544,0,0,0,2444,2544,5414,2444,161302.0
0,0,0,2545,0,0,0,2445,2545,5416,2445,161402.0
0,0,0,2546,0,0,0,2445,2546,5420,2445,161502.0
0,0,0,2548,0,0,0,2447,2548,5423,2447,161602.0
0,0,0,2549,0,0,0,2448,2549,5427,2448,161702.0
0,0,0,2551,0,0,0,2450,2551,5430,2450,161802.0
0,0,0,2553,0,0,0,2452,2553,5433,2452,161902.0
0,0,0,2554,0,0,0,2453,2554,5437,2453,162002.0
0,0,0,2556,0,0,0,2455,2556,5440,2455,162102.0
0,0,0,2557,0,0,0,2456,2557,5444,2456,162202.0
0,0,0,2559,0,0,0,2458,2559,5447,2458,162302.0
0,0,0,2561,0,0,0,2460,2561,5450,2460,162402.0
0,0,0,2562,0,0,0,2461,2562,5454,2461,162502.0
0,0,0,2564,0,0,0,2463,2564,5457,2463,162602.0
0,0,0,2565,0,0,0,2464,2565,5460,2464,162702.0
0,0,0,2567,0,0,0,2466,2567,5463,2466,162802.0
0,0,0,2569,0,0,0,2468,2569,5467,2468,162902.0
0,0,0,2570,0,0,0,2469,2570,5471,2469,163002.0
0,0,0,2572,0,0,0,2471,2572,5475,2471,163102.0
0,0,0,2574,0,0,0,2473,2574,5478,2473,163202.0
0,0,0,2576,0,0,0,2475,2576,5482,2475,163302.0
0,0,0,2577,0,0,0,2476,2577,5485,2476,163402.0
0,0,0,2579,0,0,0,2478,2579,5489,2478,163502.0
0,0,0,2580,0,0,0,2479,2580,5492,2479,163602.0
0,0,0,2582,0,0,0,2481,2582,5496,2481,163702.0
0,0,0,2584,0,0,0,2483,2584,5500,2483,163802.0
0,0,0,2586,0,0,0,2485,2586,5502,2485,163902.0
0,0,0,2588,0,0,0,2487,2588,5505,2487,164002.0
0,0,0,2589,0,0,0,2488,2589,5509,2488,164102.0
0,0,0,2591,0,0,0,2490,2591,5514,2490,164202.0
0,0,0,2593,0,0,0,2492,2593,5517,2492,164302.0
0,0,0,2594,0,0,0,2493,2594,5520,2493,164402.0
0,0,0,2596,0,0,0,2495,2596,5523,2495,164502.0
0,0,0,2597,0,0,0,2496,2597,5526,2496,164602.0
0,0,0,2598,0,0,0,2496,2598,5531,2496,164702.0
0,0,0,2601,0,0,0,2499,2601,5535,2499,164802.0
0,0,0,2602,0,0,0,2500,2602,5538,2500,164902.0
0,0,0,2604,0,0,0,2502,2604,5541,2502,165002.0
0,0,0,2606,0,0,0,2504,2606,5544,2504,165102.0
0,0,0,2606,0,0,0,2504,2606,5547,2504,165202.0
0,0,0,2608,0,0,0,2505,2608,5551,2505,165302.0
0,0,0,2610,0,0,0,2507,2610,5556,2507,165402.0
0,0,0,2612,0,0,0,2509,2612,5559,2509,165502.0
0,0,0,2614,0,0,0,2511,2614,5562,2511,165602.0
0,0,0,2615,0,0,0,2512,2615,5565,2512,165702.0
0,0,0,2617,0,0,0,2514,2617,5569,2514,165802.0
0,0,0,2619,0,0,0,2516,2619,5572,2516,165902.0
0,0,0,2621,0,0,0,2518,2621,5576,2518,166002.0
0,0,0,2622,0,0,0,2519,2622,5580,2519,166102.0
0,0,0,2625,0,0,0,2522,2625,5583,2522,166202.0
0,0,0,2626,0,0,0,2523,2626,5586,2523,166302.0
0,0,0,2628,0,0,0,2525,2628,5589,2525,166402.0
0,0,0,2630,0,0,0,2527,2630,5593,2527,166502.0
0,0,0,2631,0,0,0,2528,2631,5597,2528,166602.0
0,0,0,2633,0,0,0,2530,2633,5600,2530,166702.0
0,0,0,2635,0,0,0,2532,2635,5603,2532,166802.0
0,0,0,2636,0,0,0,2533,2636,5606,2533,166902.0
0,0,0,2638,0,0,0,2535,2638,5610,2535,167002.0
0,0,0,2639,0,0,0,2536,2639,5614,2536,167102.0
0,0,0,2642,0,0,0,2539,2642,5617,2539,167202.0
0,0,0,2643,0,0,0,2540,2643,5621,2540,167302.0
0,0,0,2645,0,0,0,2542,2645,5625,2542,167402.0
0,0,0,2647,0,0,0,2544,2647,5629,2544,167502.0
0,0,0,2649,0,0,0,2546,2649,5633,2546,167602.0
0,0,0,2650,0,0,0,2547,2650,5638,2547,167702.0
0,0,0,2652,0,0,0,2549,2652,5640,2549,167802.0
0,0,0,2654,0,0,0,2551,2654,5643,2551,167902.0
0,0,0,2655,0,0,0,2552,2655,5646,2552,168002.0
0,0,0,2657,0,0,0,2554,2657,5650,2554,168102.0
0,0,0,2658,0,0,0,2555,2658,5654,2555,168202.0
0,0,0,2660,0,0,0,2557,2660,5659,2557,168302.0
0,0,0,2662,0,0,0,2559,2662,5661,2559,168402.0
0,0,0,2664,0,0,0,2561,2664,5664,2561,168502.0
0,0,0,2666,0,0,0,2563,2666,5666,2563,168602.0
0,0,0,2668,0,0,0,2565,2668,5670,2565,168702.0
0,0,0,2669,0,0,0,2566,2669,5673,2566,168802.0
0,0,0,2671,0,0,0,2568,2671,5676,2568,168902.0
0,0,0,2672,0,0,0,2569,2672,5681,2569,169002.0
0,0,0,2674,0,0,0,2571,2674,5684,2571,169102.0
0,0,0,2676,0,0,0,2573,2676,5687,2573,169202.0
0,0,0,2678,0,0,0,2575,2678,5690,2575,169302.0
0,0,0,2680,0,0,0,2577,2680,5694,2577,169402.0
0,0,0,2681,0,0,0,2578,2681,5697,2578,169502.0
0,0,0,2683,0,0,0,2580,2683,5699,2580,169602.0
0,0,0,2684,0,0,0,2581,2684,5704,2581,169702.0
0,0,0,2686,0,0,0,2583,2686,5706,2583,169802.0
0,0,0,2687,0,0,0,2584,2687,5709,2584,169902.0
0,0,0,2689,0,0,0,2586,2689,5714,2586,170002.0
0,0,0,2690,0,0,0,2587,2690,5717,2587,170102.0
0,0,0,2692,0,0,0,2589,2692,5721,2589,170202.0
0,0,0,2693,0,0,0,2590,2693,5724,2590,170302.0
0,0,0,2696,0,0,0,2593,2696,5726,2593,170402.0
0,0,0,2698,0,0,0,2595,2698,5730,2595,170502.0
0,0,0,2699,0,0,0,2596,2699,5734,2596,170602.0
0,0,0,2701,0,0,0,2598,2701,5737,2598,170702.0
0,0,0,2702,0,0,0,2599,2702,5739,2599,170802.0
0,0,0,2704,0,0,0,2601,2704,5743,2601,170902.0
0,0,0,2706,0,0,0,2603,2706,5747,2603,171002.0
0,0,0,2707,0,0,0,2604,2707,5750,2604,171102.0
0,0,0,2709,0,0,0,2606,2709,5753,2606,171202.0
0,0,0,2711,0,0,0,2608,2711,5757,2608,171302.0
0,0,0,2712,0,0,0,2609,2712,5760,2609,171402.0
0,0,0,2714,0,0,0,2611,2714,5764,2611,171502.0
0,0,0,2716,0,0,0,2613,2716,5767,2613,171602.0
0,0,0,2717,0,0,0,2614,2717,5770,2614,171702.0
0,0,0,2719,0,0,0,2616,2719,5772,2616,171802.0
0,0,0,2720,0,0,0,2617,2720,5776,2617,171902.0
0,0,0,2722,0,0,0,2619,2722,5781,2619,172002.0
0,0,0,2723,0,0,0,2620,2723,5785,2620,172102.0
0,0,0,2724,0,0,0,2620,2724,5790,2620,172202.0
0,0,0,2726,0,0,0,2622,2726,5793,2622,172302.0
0,0,0,2728,0,0,0,2624,2728,5796,2624,172402.0
0,0,0,2729,0,0,0,2625,2729,5800,2625,172502.0
0,0,0,2730,0,0,0,2625,2730,5804,2625,172602.0
0,0,0,2731,0,0,0,2626,2731,5808,2626,172702.0
0,0,0,2732,0,0,0,2626,2732,5812,2626,172802.0
0,0,0,2734,0,0,0,2628,2734,5815,2628,172902.0
0,0,0,2736,0,0,0,2630,2736,5819,2630,173002.0
0,0,0,2737,0,0,0,2631,2737,5823,2631,173102.0
0,0,0,2739,0,0,0,2633,2739,5825,2633,173202.0
0,0,0,2741,0,0,0,2635,2741,5828,2635,173302.0
0,0,0,2743,0,0,0,2637,2743,5830,2637,173402.0
0,0,0,2744,0,0,0,2638,2744,5834,2638,173502.0
0,0,0,2746,0,0,0,2640,2746,5837,2640,173602.0
0,0,0,2748,0,0,0,2642,2748,5839,2642,173702.0
0,0,0,2750,0,0,0,2644,2750,5843,2644,173802.0
0,0,0,2751,0,0,0,2645,2751,5847,2645,173902.0
0,0,0,2753,0,0,0,2647,2753,5849,2647,174002.0
0,0,0,2754,0,0,0,2648,2754,5854,2648,174102.0
0,0,0,2756,0,0,0,2650,2756,5857,2650,174202.0
0,0,0,2757,0,0,0,2651,2757,5859,2651,174302.0
0,0,0,2759,0,0,0,2653,2759,5864,2653,174402.0
0,0,0,2761,0,0,0,2655,2761,5867,2655,174502.0
0,0,0,2763,0,0,0,2657,2763,5870,2657,174602.0
0,0,0,2764,0,0,0,2658,2764,5872,2658,174702.0
0,0,0,2766,0,0,0,2659,2766,5875,2659,174802.0
0,0,0,2767,0,0,0,2660,2767,5878,2660,174902.0
0,0,0,2769,0,0,0,2662,2769,5881,2662,175002.0
0,0,0,2771,0,0,0,2664,2771,5885,2664,175102.0
0,0,0,2772,0,0,0,2665,2772,5888,2665,175202.0
0,0,0,2774,0,0,0,2667,2774,5891,2667,175302.0
0,0,0,2775,0,0,0,2668,2775,5894,2668,175402.0
0,0,0,2776,0,0,0,2668,2776,5898,2668,175502.0
0,0,0,2777,0,0,0,2669,2777,5901,2669,175602.0
0,0,0,2779,0,0,0,2671,2779,5904,2671,175702.0
0,0,0,2782,0,0,0,2674,2782,5907,2674,175802.0
0,0,0,2783,0,0,0,2675,2783,5909,2675,175902.0
0,0,0,2784,0,0,0,2676,2784,5913,2676,176002.0
0,0,0,2785,0,0,0,2676,2785,5917,2676,176102.0
0,0,0,2787,0,0,0,2678,2787,5922,2678,176202.0
0,0,0,2789,0,0,0,2680,2789,5927,2680,176302.0
0,0,0,2790,0,0,0,2681,2790,5930,2681,176402.0
0,0,0,2791,0,0,0,2681,2791,5933,2681,176502.0
0,0,0,2793,0,0,0,2683,2793,5938,2683,176602.0
0,0,0,2793,0,0,0,2683,2793,5942,2683,176702.0
0,0,0,2795,0,0,0,2684,2795,5944,2684,176802.0
0,0,0,2796,0,0,0,2685,2796,5947,2685,176902.0
0,0,0,2798,0,0,0,2687,2798,5950,2687,177002.0
0,0,0,2800,0,0,0,2689,2800,5954,2689,177102.0
0,0,0,2801,0,0,0,2690,2801,5956,2690,177202.0
0,0,0,2803,0,0,0,2692,2803,5959,2692,177302.0
0,0,0,2805,0,0,0,2694,2805,5962,2694,177402.0
0,0,0,2806,0,0,0,2695,2806,5965,2695,177502.0
0,0,0,2808,0,0,0,2697,2808,5968,2697,177602.0
0,0,0,2810,0,0,0,2698,2810,5973,2698,177702.0
0,0,0,2811,0,0,0,2699,2811,5976,2699,177802.0
0,0,0,2813,0,0,0,2701,2813,5979,2701,177902.0
0,0,0,2815,0,0,0,2703,2815,5983,2703,178002.0
0,0,0,2816,0,0,0,2704,2816,5986,2704,178102.0
0,0,0,2818,0,0,0,2706,2818,5988,2706,178202.0
0,0,0,2819,0,0,0,2707,2819,5993,2707,178302.0
0,0,0,2821,0,0,0,2709,2821,5996,2709,178402.0
0,0,0,2823,0,0,0,2711,2823,5999,2711,178502.0
0,0,0,2825,0,0,0,2713,2825,6002,2713,178602.0
0,0,0,2827,0,0,0,2715,2827,6005,2715,178702.0
0,0,0,2828,0,0,0,2716,2828,6008,2716,178802.0
0,0,0,2830,0,0,0,2718,2830,6013,2718,178902.0
0,0,0,2831,0,0,0,2719,2831,6016,2719,179002.0
0,0,0,2833,0,0,0,2721,2833,6020,2721,179102.0
0,0,0,2835,0,0,0,2723,2835,6024,2723,179202.0
0,0,0,2837,0,0,0,2725,2837,6028,2725,179302.0
0,0,0,2839,0,0,0,2727,2839,6032,2727,179402.0
0,0,0,2840,0,0,0,2728,2840,6036,2728,179502.0
0,0,0,2842,0,0,0,2730,2842,6041,2730,179602.0
0,0,0,2844,0,0,0,2732,2844,6044,2732,179702.0
0,0,0,2845,0,0,0,2733,2845,6046,2733,179802.0
0,0,0,2846,0,0,0,2734,2846,6051,2734,179902.0
0,0,0,2848,0,0,0,2736,2848,6055,2736,180002.0
0,0,0,2850,0,0,0,2738,2850,6058,2738,180102.0
0,0,0,2852,0,0,0,2740,2852,6062,2740,180202.0
0,0,0,2853,0,0,0,2741,2853,6065,2741,180302.0
0,0,0,2855,0,0,0,2743,2855,6068,2743,180402.0
0,0,0,2857,0,0,0,2745,2857,6070,2745,180502.0
0,0,0,2858,0,0,0,2746,2858,6074,2746,180602.0
0,0,0,2860,0,0,0,2748,2860,6078,2748,180702.0
0,0,0,2862,0,0,0,2750,2862,6081,2750,180802.0
0,0,0,2863,0,0,0,2751,2863,6084,2751,180902.0
0,0,0,2866,0,0,0,2754,2866,6089,2754,181002.0
0,0,0,2867,0,0,0,2755,2867,6093,2755,181102.0
0,0,0,2869,0,0,0,2757,2869,6097,2757,181202.0
0,0,0,2870,0,0,0,2758,2870,6101,2758,181302.0
0,0,0,2872,0,0,0,2760,2872,6104,2760,181402.0
0,0,0,2873,0,0,0,2761,2873,6107,2761,181502.0
0,0,0,2875,0,0,0,2763,2875,6109,2763,181602.0
0,0,0,2876,0,0,0,2764,2876,6113,2764,181702.0
0,0,0,2878,0,0,0,2766,2878,6117,2766,181802.0
0,0,0,2880,0,0,0,2768,2880,6121,2768,181902.0
0,0,0,2881,0,0,0,2769,2881,6127,2769,182002.0
0,0,0,2883,0,0,0,2771,2883,6131,2771,182102.0
0,0,0,2885,0,0,0,2773,2885,6136,2773,182202.0
0,0,0,2886,0,0,0,2774,2886,6140,2774,182302.0
0,0,0,2888,0,0,0,2776,2888,6143,2776,182402.0
0,0,0,2890,0,0,0,2777,2890,6146,2777,182502.0
0,0,0,2891,0,0,0,2778,2891,6149,2778,182602.0
0,0,0,2893,0,0,0,2780,2893,6152,2780,182702.0
0,0,0,2894,0,0,0,2781,2894,6155,2781,182802.0
0,0,0,2896,0,0,0,2783,2896,6159,2783,182902.0
0,0,0,2898,0,0,0,2785,2898,6162,2785,183002.0
0,0,0,2900,0,0,0,2787,2900,6165,2787,183102.0
0,0,0,2902,0,0,0,2789,2902,6170,2789,183202.0
0,0,0,2903,0,0,0,2790,2903,6174,2790,183302.0
0,0,0,2904,0,0,0,2790,2904,6177,2790,183402.0
0,0,0,2906,0,0,0,2791,2906,6179,2791,183502.0
0,0,0,2908,0,0,0,2793,2908,6184,2793,183602.0
0,0,0,2909,0,0,0,2794,2909,6187,2794,183702.0
0,0,0,2911,0,0,0,2796,2911,6191,2796,183802.0
0,0,0,2913,0,0,0,2798,2913,6193,2798,183902.0
0,0,0,2914,0,0,0,2799,2914,6196,2799,184002.0
0,0,0,2916,0,0,0,2801,2916,6198,2801,184102.0
0,0,0,2917,0,0,0,2802,2917,6201,2802,184202.0
0,0,0,2919,0,0,0,2804,2919,6205,2804,184302.0
0,0,0,2921,0,0,0,2806,2921,6209,2806,184402.0
0,0,0,2922,0,0,0,2807,2922,6212,2807,184502.0
0,0,0,2924,0,0,0,2809,2924,6216,2809,184602.0
0,0,0,2925,0,0,0,2810,2925,6219,2810,184702.0
0,0,0,2927,0,0,0,2812,2927,6222,2812,184802.0
0,0,0,2929,0,0,0,2814,2929,6226,2814,184902.0
0,0,0,2930,0,0,0,2815,2930,6229,2815,185002.0
0,0,0,2932,0,0,0,2817,2932,6232,2817,185102.0
0,0,0,2933,0,0,0,2818,2933,6236,2818,185202.0
0,0,0,2935,0,0,0,2820,2935,6240,2820,185302.0
0,0,0,2937,0,0,0,2822,2937,6243,2822,185402.0
0,0,0,2939,0,0,0,2824,2939,6247,2824,185502.0
0,0,0,2941,0,0,0,2826,2941,6250,2826,185602.0
0,0,0,2943,0,0,0,2828,2943,6254,2828,185702.0
0,0,0,2944,0,0,0,2829,2944,6258,2829,185802.0
0,0,0,2945,0,0,0,2830,2945,6263,2830,185902.0
0,0,0,2947,0,0,0,2832,2947,6267,2832,186002.0
0,0,0,2948,0,0,0,2833,2948,6270,2833,186102.0
0,0,0,2950,0,0,0,2835,2950,6273,2835,186202.0
0,0,0,2951,0,0,0,2836,2951,6276,2836,186302.0
0,0,0,2953,0,0,0,2838,2953,6278,2838,186402.0
0,0,0,2955,0,0,0,2840,2955,6280,2840,186502.0
0,0,0,2956,0,0,0,2841,2956,6284,2841,186602.0
0,0,0,2957,0,0,0,2842,2957,6289,2842,186702.0
0,0,0,2959,0,0,0,2844,2959,6293,2844,186802.0
0,0,0,2961,0,0,0,2846,2961,6298,2846,186902.0
0,0,0,2963,0,0,0,2848,2963,6300,2848,187002.0
0,0,0,2964,0,0,0,2849,2964,6304,2849,187102.0
0,0,0,2966,0,0,0,2851,2966,6309,2851,187202.0
0,0,0,2968,0,0,0,2853,2968,6312,2853,187302.0
0,0,0,2969,0,0,0,2854,2969,6316,2854,187402.0
0,0,0,2971,0,0,0,2856,2971,6318,2856,187502.0
0,0,0,2973,0,0,0,2858,2973,6322,2858,187602.0
0,0,0,2974,0,0,0,2859,2974,6324,2859,187702.0
0,0,0,2976,0,0,0,2861,2976,6328,2861,187802.0
0,0,0,2977,0,0,0,2862,2977,6330,2862,187902.0
0,0,0,2979,0,0,0,2864,2979,6333,2864,188002.0
0,0,0,2980,0,0,0,2865,2980,6336,2865,188102.0
0,0,0,2982,0,0,0,2867,2982,6340,2867,188202.0
0,0,0,2984,0,0,0,2869,2984,6342,2869,188302.0
0,0,0,2986,0,0,0,2871,2986,6347,2871,188402.0
0,0,0,2988,0,0,0,2873,2988,6350,2873,188502.0
0,0,0,2990,0,0,0,2875,2990,6353,2875,188602.0
0,0,0,2990,0,0,0,2875,2990,6357,2875,188702.0
0,0,0,2991,0,0,0,2876,2991,6361,2876,188802.0
0,0,0,2993,0,0,0,2878,2993,6365,2878,188902.0
0,0,0,2994,0,0,0,2879,2994,6369,2879,189002.0
0,0,0,2995,0,0,0,2880,2995,6372,2880,189102.0
0,0,0,2997,0,0,0,2882,2997,6376,2882,189202.0
0,0,0,2998,0,0,0,2883,2998,6378,2883,189302.0
0,0,0,3000,0,0,0,2885,3000,6381,2885,189402.0
0,0,0,3002,0,0,0,2887,3002,6384,2887,189502.0
0,0,0,3003,0,0,0,2888,3003,6389,2888,189602.0
0,0,0,3005,0,0,0,2889,3005,6393,2889,189702.0
0,0,0,3006,0,0,0,2890,3006,6396,2890,189802.0
0,0,0,3007,0,0,0,2891,3007,6400,2891,189902.0
0,0,0,3009,0,0,0,2893,3009,6405,2893,190002.0
0,0,0,3011,0,0,0,2895,3011,6409,2895,190102.0
0,0,0,3012,0,0,0,2896,3012,6412,2896,190202.0
0,0,0,3014,0,0,0,2898,3014,6418,2898,190302.0
0,0,0,3015,0,0,0,2899,3015,6420,2899,190402.0
0,0,0,3017,0,0,0,2901,3017,6425,2901,190502.0
0,0,0,3018,0,0,0,2902,3018,6428,2902,190602.0
0,0,0,3019,0,0,0,2903,3019,6432,2903,190702.0
0,0,0,3021,0,0,0,2905,3021,6434,2905,190802.0
0,0,0,3023,0,0,0,2907,3023,6438,2907,190902.0
0,0,0,3025,0,0,0,2909,3025,6441,2909,191002.0
0,0,0,3027,0,0,0,2911,3027,6445,2911,191102.0
0,0,0,3029,0,0,0,2913,3029,6449,2913,191202.0
0,0,0,3030,0,0,0,2914,3030,6454,2914,191302.0
0,0,0,3032,0,0,0,2916,3032,6456,2916,191402.0
0,0,0,3033,0,0,0,2917,3033,6460,2917,191502.0
0,0,0,3035,0,0,0,2919,3035,6463,2919,191602.0
0,0,0,3036,0,0,0,2920,3036,6466,2920,191702.0
0,0,0,3038,0,0,0,2922,3038,6469,2922,191802.0
0,0,0,3039,0,0,0,2923,3039,6473,2923,191902.0
0,0,0,3041,0,0,0,2924,3041,6477,2924,192002.0
0,0,0,3043,0,0,0,2926,3043,6479,2926,192102.0
0,0,0,3044,0,0,0,2927,3044,6482,2927,192202.0
0,0,0,3046,0,0,0,2929,3046,6486,2929,192302.0
0,0,0,3048,0,0,0,2931,3048,6488,2931,192402.0
0,0,0,3049,0,0,0,2932,3049,6492,2932,192502.0
0,0,0,3050,0,0,0,2933,3050,6496,2933,192602.0
0,0,0,3052,0,0,0,2934,3052,6499,2934,192702.0
0,0,0,3054,0,0,0,2936,3054,6503,2936,192802.0
0,0,0,3056,0,0,0,2938,3056,6507,2938,192902.0
0,0,0,3058,0,0,0,2940,3058,6511,2940,193002.0
0,0,0,3059,0,0,0,2941,3059,6515,2941,193102.0
0,0,0,3061,0,0,0,2943,3061,6519,2943,193202.0
0,0,0,3063,0,0,0,2945,3063,6523,2945,193302.0
0,0,0,3065,0,0,0,2947,3065,6527,2947,193402.0
0,0,0,3066,0,0,0,2948,3066,6531,2948,193502.0
0,0,0,3068,0,0,0,2950,3068,6535,2950,193602.0
0,0,0,3070,0,0,0,2952,3070,6538,2952,193702.0
0,0,0,3072,0,0,0,2954,3072,6542,2954,193802.0
0,0,0,3073,0,0,0,2955,3073,6545,2955,193902.0
0,0,0,3075,0,0,0,2957,3075,6547,2957,194002.0
0,0,0,3076,0,0,0,2958,3076,6550,2958,194102.0
0,0,0,3078,0,0,0,2960,3078,6552,2960,194202.0
0,0,0,3080,0,0,0,2962,3080,6557,2962,194302.0
0,0,0,3082,0,0,0,2964,3082,6560,2964,194402.0
0,0,0,3083,0,0,0,2965,3083,6565,2965,194502.0
0,0,0,3085,0,0,0,2967,3085,6567,2967,194602.0
0,0,0,3087,0,0,0,2969,3087,6571,2969,194702.0
0,0,0,3089,0,0,0,2971,3089,6575,2971,194802.0
0,0,0,3090,0,0,0,2972,3090,6579,2972,194902.0
0,0,0,3092,0,0,0,2974,3092,6583,2974,195002.0
0,0,0,3094,0,0,0,2976,3094,6588,2976,195102.0
0,0,0,3096,0,0,0,2978,3096,6592,2978,195202.0
0,0,0,3097,0,0,0,2979,3097,6596,2979,195302.0
0,0,0,3099,0,0,0,2981,3099,6599,2981,195402.0
0,0,0,3101,0,0,0,2983,3101,6602,2983,195502.0
0,0,0,3103,0,0,0,2985,3103,6605,2985,195602.0
0,0,0,3104,0,0,0,2985,3104,6608,2985,195702.0
0,0,0,3105,0,0,0,2986,3105,6611,2986,195802.0
0,0,0,3107,0,0,0,2988,3107,6615,2988,195902.0
0,0,0,3108,0,0,0,2989,3108,6619,2989,196002.0
0,0,0,3110,0,0,0,2991,3110,6623,2991,196102.0
0,0,0,3112,0,0,0,2993,3112,6627,2993,196202.0
0,0,0,3114,0,0,0,2995,3114,6630,2995,196302.0
0,0,0,3115,0,0,0,2996,3115,6633,2996,196402.0
0,0,0,3117,0,0,0,2998,3117,6637,2998,196502.0
0,0,0,3119,0,0,0,3000,3119,6639,3000,196602.0
0,0,0,3121,0,0,0,3002,3121,6641,3002,196702.0
0,0,0,3122,0,0,0,3003,3122,6646,3003,196802.0
0,0,0,3124,0,0,0,3005,3124,6648,3005,196902.0
0,0,0,3126,0,0,0,3007,3126,6651,3007,197002.0
0,0,0,3128,0,0,0,3009,3128,6654,3009,197102.0
0,0,0,3129,0,0,0,3010,3129,6657,3010,197202.0
0,0,0,3131,0,0,0,3012,3131,6660,3012,197302.0
0,0,0,3133,0,0,0,3014,3133,6662,3014,197402.0
0,0,0,3135,0,0,0,3016,3135,6665,3016,197502.0
0,0,0,3136,0,0,0,3017,3136,6670,3017,197602.0
0,0,0,3138,0,0,0,3019,3138,6673,3019,197702.0
0,0,0,3139,0,0,0,3020,3139,6677,3020,197802.0
0,0,0,3141,0,0,0,3022,3141,6680,3022,197902.0
0,0,0,3142,0,0,0,3023,3142,6684,3023,198002.0
0,0,0,3144,0,0,0,3025,3144,6687,3025,198102.0
0,0,0,3145,0,0,0,3026,3145,6690,3026,198202.0
0,0,0,3147,0,0,0,3028,3147,6694,3028,198302.0
0,0,0,3148,0,0,0,3029,3148,6696,3029,198402.0
0,0,0,3150,0,0,0,3031,3150,6699,3031,198502.0
0,0,0,3152,0,0,0,3033,3152,6701,3033,198602.0
0,0,0,3154,0,0,0,3035,3154,6704,3035,198702.0
0,0,0,3156,0,0,0,3037,3156,6708,3037,198802.0
0,0,0,3157,0,0,0,3038,3157,6711,3038,198902.0
0,0,0,3159,0,0,0,3040,3159,6713,3040,199002.0
0,0,0,3161,0,0,0,3042,3161,6717,3042,199102.0
0,0,0,3162,0,0,0,3043,3162,6720,3043,199202.0
0,0,0,3164,0,0,0,3045,3164,6725,3045,199302.0
0,0,0,3166,0,0,0,3046,3166,6727,3046,199402.0
0,0,0,3168,0,0,0,3048,3168,6730,3048,199502.0
0,0,0,3170,0,0,0,3050,3170,6733,3050,199602.0
0,0,0,3171,0,0,0,3051,3171,6736,3051,199702.0
0,0,0,3173,0,0,0,3053,3173,6740,3053,199802.0
0,0,0,3175,0,0,0,3055,3175,6744,3055,199902.0
0,0,0,3177,0,0,0,3057,3177,6747,3057,200002.0
0,0,0,3178,0,0,0,3058,3178,6751,3058,200102.0
0,0,0,3180,0,0,0,3060,3180,6753,3060,200202.0
0,0,0,3181,0,0,0,3061,3181,6757,3061,200302.0
0,0,0,3183,0,0,0,3063,3183,6761,3063,200402.0
0,0,0,3185,0,0,0,3065,3185,6766,3065,200502.0
0,0,0,3186,0,0,0,3066,3186,6769,3066,200602.0
0,0,0,3188,0,0,0,3068,3188,6773,3068,200702.0
0,0,0,3190,0,0,0,3070,3190,6775,3070,200802.0
0,0,0,3192,0,0,0,3072,3192,6779,3072,200902.0
0,0,0,3194,0,0,0,3074,3194,6782,3074,201002.0
0,0,0,3196,0,0,0,3076,3196,6785,3076,201102.0
0,0,0,3197,0,0,0,3077,3197,6789,3077,201202.0
0,0,0,3198,0,0,0,3077,3198,6792,3077,201302.0
0,0,0,3199,0,0,0,3078,3199,6796,3078,201402.0
0,0,0,3200,0,0,0,3079,3200,6799,3079,201502.0
0,0,0,3202,0,0,0,3080,3202,6802,3080,201602.0
0,0,0,3203,0,0,0,3080,3203,6808,3080,201702.0
0,0,0,3204,0,0,0,3081,3204,6812,3081,201802.0
0,0,0,3206,0,0,0,3083,3206,6816,3083,201902.0
0,0,0,3208,0,0,0,3085,3208,6818,3085,202002.0
0,0,0,3209,0,0,0,3086,3209,6821,3086,202102.0
0,0,0,3210,0,0,0,3087,3210,6825,3087,202202.0
0,0,0,3212,0,0,0,3089,3212,6828,3089,202302.0
0,0,0,3213,0,0,0,3090,3213,6832,3090,202402.0
0,0,0,3215,0,0,0,3092,3215,6836,3092,202502.0
0,0,0,3217,0,0,0,3094,3217,6839,3094,202602.0
0,0,0,3218,0,0,0,3095,3218,6842,3095,202702.0
0,0,0,3220,0,0,0,3097,3220,6845,3097,202802.0
0,0,0,3222,0,0,0,3099,3222,6848,3099,202902.0
0,0,0,3224,0,0,0,3101,3224,6852,3101,203002.0
0,0,0,3226,0,0,0,3103,3226,6857,3103,203102.0
0,0,0,3227,0,0,0,3104,3227,6861,3104,203202.0
0,0,0,3228,0,0,0,3105,3228,6864,3105,203302.0
0,0,0,3230,0,0,0,3107,3230,6868,3107,203402.0
0,0,0,3232,0,0,0,3109,3232,6870,3109,203502.0
0,0,0,3233,0,0,0,3110,3233,6875,3110,203602.0
0,0,0,3235,0,0,0,3112,3235,6878,3112,203702.0
0,0,0,3236,0,0,0,3113,3236,6882,3113,203802.0
0,0,0,3238,0,0,0,3115,3238,6885,3115,203902.0
0,0,0,3241,0,0,0,3118,3241,6888,3118,204002.0
0,0,0,3242,0,0,0,3119,3242,6892,3119,204102.0
0,0,0,3243,0,0,0,3120,3243,6895,3120,204202.0
0,0,0,3245,0,0,0,3122,3245,6899,3122,204302.0
0,0,0,3247,0,0,0,3124,3247,6902,3124,204402.0
0,0,0,3248,0,0,0,3125,3248,6904,3125,204502.0
0,0,0,3249,0,0,0,3126,3249,6908,3126,204602.0
0,0,0,3251,0,0,0,3128,3251,6911,3128,204702.0
0,0,0,3252,0,0,0,3129,3252,6915,3129,204802.0
0,0,0,3254,0,0,0,3131,3254,6918,3131,204902.0
0,0,0,3255,0,0,0,3132,3255,6921,3132,205002.0
0,0,0,3256,0,0,0,3132,3256,6924,3132,205102.0
0,0,0,3258,0,0,0,3134,3258,6927,3134,205202.0
0,0,0,3259,0,0,0,3135,3259,6930,3135,205302.0
0,0,0,3261,0,0,0,3137,3261,6933,3137,205402.0
0,0,0,3263,0,0,0,3139,3263,6935,3139,205502.0
0,0,0,3264,0,0,0,3140,3264,6938,3140,205602.0
0,0,0,3266,0,0,0,3142,3266,6941,3142,205702.0
0,0,0,3267,0,0,0,3143,3267,6944,3143,205802.0
0,0,0,3268,0,0,0,3144,3268,6947,3144,205902.0
0,0,0,3270,0,0,0,3145,3270,6951,3145,206002.0
0,0,0,3272,0,0,0,3147,3272,6953,3147,206102.0
0,0,0,3273,0,0,0,3148,3273,6957,3148,206202.0
0,0,0,3275,0,0,0,3150,3275,6962,3150,206302.0
0,0,0,3276,0,0,0,3151,3276,6964,3151,206402.0
0,0,0,3279,0,0,0,3154,3279,6967,3154,206502.0
0,0,0,3281,0,0,0,3156,3281,6971,3156,206602.0
0,0,0,3282,0,0,0,3156,3282,6973,3156,206702.0
0,0,0,3283,0,0,0,3157,3283,6976,3157,206802.0
0,0,0,3286,0,0,0,3160,3286,6980,3160,206902.0
0,0,0,3287,0,0,0,3161,3287,6984,3161,207002.0
0,0,0,3288,0,0,0,3161,3288,6987,3161,207102.0
0,0,0,3290,0,0,0,3163,3290,6990,3163,207202.0
0,0,0,3292,0,0,0,3165,3292,6993,3165,207302.0
0,0,0,3293,0,0,0,3166,3293,6996,3166,207402.0
0,0,0,3295,0,0,0,3168,3295,6998,3168,207502.0
0,0,0,3297,0,0,0,3170,3297,7001,3170,207602.0
0,0,0,3299,0,0,0,3172,3299,7005,3172,207702.0
0,0,0,3301,0,0,0,3174,3301,7008,3174,207802.0
0,0,0,3302,0,0,0,3175,3302,7013,3175,207902.0
0,0,0,3303,0,0,0,3176,3303,7016,3176,208002.0
0,0,0,3305,0,0,0,3178,3305,7019,3178,208102.0
0,0,0,3307,0,0,0,3180,3307,7023,3180,208202.0
0,0,0,3309,0,0,0,3182,3309,7025,3182,208302.0
0,0,0,3310,0,0,0,3183,3310,7028,3183,208402.0
0,0,0,3312,0,0,0,3185,3312,7031,3185,208502.0
0,0,0,3314,0,0,0,3187,3314,7035,3187,208602.0
0,0,0,3315,0,0,0,3188,3315,7039,3188,208702.0
0,0,0,3317,0,0,0,3190,3317,7042,3190,208802.0
0,0,0,3318,0,0,0,3191,3318,7047,3191,208902.0
0,0,0,3320,0,0,0,3193,3320,7050,3193,209002.0
0,0,0,3321,0,0,0,3194,3321,7055,3194,209102.0
0,0,0,3323,0,0,0,3196,3323,7059,3196,209202.0
0,0,0,3325,0,0,0,3198,3325,7061,3198,209302.0
0,0,0,3326,0,0,0,3199,3326,7064,3199,209402.0
0,0,0,3328,0,0,0,3201,3328,7068,3201,209502.0
0,0,0,3330,0,0,0,3203,3330,7071,3203,209602.0
0,0,0,3331,0,0,0,3204,3331,7074,3204,209702.0
0,0,0,3334,0,0,0,3207,3334,7079,3207,209802.0
0,0,0,3335,0,0,0,3208,3335,7083,3208,209902.0
0,0,0,3336,0,0,0,3209,3336,7088,3209,210002.0
0,0,0,3338,0,0,0,3211,3338,7092,3211,210102.0
0,0,0,3340,0,0,0,3213,3340,7094,3213,210202.0
0,0,0,3341,0,0,0,3214,3341,7098,3214,210302.0
0,0,0,3342,0,0,0,3214,3342,7102,3214,210402.0
0,0,0,3344,0,0,0,3216,3344,7104,3216,210502.0
0,0,0,3346,0,0,0,3218,3346,7108,3218,210602.0
0,0,0,3347,0,0,0,3219,3347,7110,3219,210702.0
0,0,0,3349,0,0,0,3221,3349,7114,3221,210802.0
0,0,0,3350,0,0,0,3222,3350,7118,3222,210902.0
0,0,0,3352,0,0,0,3224,3352,7122,3224,211002.0
0,0,0,3354,0,0,0,3226,3354,7125,3226,211102.0
0,0,0,3355,0,0,0,3227,3355,7128,3227,211202.0
0,0,0,3357,0,0,0,3229,3357,7132,3229,211302.0
0,0,0,3359,0,0,0,3231,3359,7135,3231,211402.0
0,0,0,3361,0,0,0,3233,3361,7139,3233,211502.0
0,0,0,3363,0,0,0,3235,3363,7143,3235,211602.0
0,0,0,3365,0,0,0,3237,3365,7146,3237,211702.0
0,0,0,3366,0,0,0,3238,3366,7151,3238,211802.0
0,0,0,3368,0,0,0,3240,3368,7154,3240,211902.0
0,0,0,3370,0,0,0,3242,3370,7158,3242,212002.0
0,0,0,3372,0,0,0,3244,3372,7160,3244,212102.0
0,0,0,3374,0,0,0,3246,3374,7163,3246,212202.0
0,0,0,3375,0,0,0,3247,3375,7167,3247,212302.0
0,0,0,3377,0,0,0,3249,3377,7170,3249,212402.0
0,0,0,3379,0,0,0,3251,3379,7174,3251,212502.0
0,0,0,3380,0,0,0,3252,3380,7176,3252,212602.0
0,0,0,3382,0,0,0,3254,3382,7181,3254,212702.0
0,0,0,3382,0,0,0,3254,3382,7184,3254,212802.0
0,0,0,3385,0,0,0,3256,3385,7187,3256,212902.0
0,0,0,3386,0,0,0,3257,3386,7189,3257,213002.0
0,0,0,3388,0,0,0,3259,3388,7194,3259,213102.0
0,0,0,3390,0,0,0,3261,3390,7197,3261,213202.0
0,0,0,3391,0,0,0,3262,3391,7199,3262,213302.0
0,0,0,3393,0,0,0,3264,3393,7202,3264,213402.0
0,0,0,3394,0,0,0,3265,3394,7206,3265,213502.0
0,0,0,3396,0,0,0,3267,3396,7208,3267,213602.0
0,0,0,3398,0,0,0,3269,3398,7211,3269,213702.0
0,0,0,3399,0,0,0,3270,3399,7215,3270,213802.0
0,0,0,3400,0,0,0,3271,3400,7218,3271,213902.0
0,0,0,3401,0,0,0,3272,3401,7220,3272,214002.0
0,0,0,3403,0,0,0,3274,3403,7224,3274,214102.0
0,0,0,3405,0,0,0,3276,3405,7228,3276,214202.0
0,0,0,3406,0,0,0,3277,3406,7230,3277,214302.0
0,0,0,3408,0,0,0,3279,3408,7234,3279,214402.0
0,0,0,3409,0,0,0,3280,3409,7238,3280,214502.0
0,0,0,3411,0,0,0,3282,3411,7242,3282,214602.0
0,0,0,3412,0,0,0,3283,3412,7246,3283,214702.0
0,0,0,3414,0,0,0,3285,3414,7249,3285,214802.0
0,0,0,3415,0,0,0,3286,3415,7253,3286,214902.0
0,0,0,3417,0,0,0,3288,3417,7256,3288,215002.0
0,0,0,3418,0,0,0,3289,3418,7259,3289,215102.0
0,0,0,3420,0,0,0,3291,3420,7262,3291,215202.0
0,0,0,3421,0,0,0,3292,3421,7266,3292,215302.0
0,0,0,3422,0,0,0,3293,3422,7270,3293,215402.0
0,0,0,3424,0,0,0,3295,3424,7274,3295,215502.0
0,0,0,3426,0,0,0,3297,3426,7278,3297,215602.0
0,0,0,3427,0,0,0,3298,3427,7281,3298,215702.0
0,0,0,3429,0,0,0,3300,3429,7284,3300,215802.0
0,0,0,3431,0,0,0,3302,3431,7288,3302,215902.0
0,0,0,3432,0,0,0,3303,3432,7291,3303,216002.0
0,0,0,3433,0,0,0,3304,3433,7294,3304,216102.0
0,0,0,3435,0,0,0,3306,3435,7297,3306,216202.0
0,0,0,3436,0,0,0,3307,3436,7300,3307,216302.0
0,0,0,3438,0,0,0,3309,3438,7303,3309,216402.0
0,0,0,3440,0,0,0,3311,3440,7308,3311,216502.0
0,0,0,3442,0,0,0,3313,3442,7312,3313,216602.0
0,0,0,3444,0,0,0,3315,3444,7314,3315,216702.0
0,0,0,3445,0,0,0,3316,3445,7317,3316,216802.0
0,0,0,3447,0,0,0,3318,3447,7320,3318,216902.0
0,0,0,3448,0,0,0,3318,3448,7322,3318,217002.0
0,0,0,3449,0,0,0,3319,3449,7326,3319,217102.0
0,0,0,3451,0,0,0,3321,3451,7329,3321,217202.0
0,0,0,3453,0,0,0,3323,3453,7331,3323,217302.0
0,0,0,3455,0,0,0,3325,3455,7336,3325,217402.0
0,0,0,3457,0,0,0,3327,3457,7339,3327,217502.0
0,0,0,3459,0,0,0,3329,3459,7343,3329,217602.0
0,0,0,3460,0,0,0,3330,3460,7346,3330,217702.0
0,0,0,3462,0,0,0,3332,3462,7350,3332,217802.0
0,0,0,3464,0,0,0,3334,3464,7353,3334,217902.0
0,0,0,3466,0,0,0,3336,3466,7355,3336,218002.0
0,0,0,3467,0,0,0,3337,3467,7360,3337,218102.0
0,0,0,3469,0,0,0,3339,3469,7363,3339,218202.0
0,0,0,3471,0,0,0,3341,3471,7366,3341,218302.0
0,0,0,3473,0,0,0,3343,3473,7369,3343,218402.0
0,0,0,3474,0,0,0,3344,3474,7373,3344,218502.0
0,0,0,3476,0,0,0,3346,3476,7377,3346,218602.0
0,0,0,3478,0,0,0,3348,3478,7382,3348,218702.0
0,0,0,3480,0,0,0,3350,3480,7387,3350,218802.0
0,0,0,3482,0,0,0,3352,3482,7389,3352,218902.0
0,0,0,3484,0,0,0,3354,3484,7393,3354,219002.0
0,0,0,3485,0,0,0,3355,3485,7396,3355,219102.0
0,0,0,3487,0,0,0,3357,3487,7399,3357,219202.0
0,0,0,3489,0,0,0,3359,3489,7403,3359,219302.0
0,0,0,3490,0,0,0,3360,3490,7408,3360,219402.0
0,0,0,3492,0,0,0,3362,3492,7411,3362,219502.0
0,0,0,3493,0,0,0,3363,3493,7414,3363,219602.0
0,0,0,3495,0,0,0,3365,3495,7416,3365,219702.0
0,0,0,3496,0,0,0,3366,3496,7420,3366,219802.0
0,0,0,3498,0,0,0,3368,3498,7422,3368,219902.0
0,0,0,3499,0,0,0,3369,3499,7425,3369,220002.0
0,0,0,3500,0,0,0,3370,3500,7428,3370,220102.0
0,0,0,3503,0,0,0,3373,3503,7431,3373,220202.0
0,0,0,3504,0,0,0,3374,3504,7434,3374,220302.0
0,0,0,3506,0,0,0,3376,3506,7438,3376,220402.0
0,0,0,3507,0,0,0,3377,3507,7442,3377,220502.0
0,0,0,3509,0,0,0,3379,3509,7445,3379,220602.0
0,0,0,3511,0,0,0,3381,3511,7450,3381,220702.0
0,0,0,3512,0,0,0,3382,3512,7453,3382,220802.0
0,0,0,3514,0,0,0,3384,3514,7455,3384,220902.0
0,0,0,3515,0,0,0,3385,3515,7459,3385,221002.0
0,0,0,3517,0,0,0,3387,3517,7463,3387,221102.0
0,0,0,3519,0,0,0,3389,3519,7467,3389,221202.0
0,0,0,3520,0,0,0,3390,3520,7470,3390,221302.0
0,0,0,3522,0,0,0,3392,3522,7474,3392,221402.0
0,0,0,3523,0,0,0,3393,3523,7477,3393,221502.0
0,0,0,3525,0,0,0,3395,3525,7480,3395,221602.0
0,0,0,3527,0,0,0,3397,3527,7484,3397,221702.0
0,0,0,3528,0,0,0,3398,3528,7488,3398,221802.0
0,0,0,3530,0,0,0,3400,3530,7492,3400,221902.0
0,0,0,3532,0,0,0,3402,3532,7496,3402,222002.0
0,0,0,3533,0,0,0,3403,3533,7498,3403,222102.0
0,0,0,3535,0,0,0,3405,3535,7501,3405,222202.0
0,0,0,3537,0,0,0,3407,3537,7503,3407,222302.0
0,0,0,3539,0,0,0,3409,3539,7508,3409,222402.0
0,0,0,3540,0,0,0,3410,3540,7511,3410,222502.0
0,0,0,3542,0,0,0,3412,3542,7515,3412,222602.0
0,0,0,3543,0,0,0,3413,3543,7519,3413,222702.0
0,0,0,3545,0,0,0,3415,3545,7524,3415,222802.0
0,0,0,3546,0,0,0,3416,3546,7527,3416,222902.0
0,0,0,3548,0,0,0,3418,3548,7530,3418,223002.0
0,0,0,3550,0,0,0,3420,3550,7534,3420,223102.0
0,0,0,3552,0,0,0,3422,3552,7537,3422,223202.0
0,0,0,3553,0,0,0,3423,3553,7539,3423,223302.0
0,0,0,3555,0,0,0,3425,3555,7542,3425,223402.0
0,0,0,3556,0,0,0,3426,3556,7545,3426,223502.0
0,0,0,3558,0,0,0,3428,3558,7548,3428,223602.0
0,0,0,3560,0,0,0,3430,3560,7552,3430,223702.0
