receive_from_2,receive_from_3,receive_from_4,receive_from_5,compute_from_2,compute_from_3,compute_from_4,compute_from_5,total_receive,total_send,total_compute,timestamp
259,136,74,40,257,132,73,39,509,735,501,24605.0
260,137,75,40,258,133,74,39,512,738,504,24705.0
261,138,75,41,259,134,74,40,515,741,507,24805.0
263,139,76,42,261,135,75,41,520,745,512,24905.0
264,140,77,42,262,136,76,41,523,748,515,25005.0
265,141,78,43,263,137,77,42,527,751,519,25105.0
267,142,79,44,265,138,78,43,532,755,524,25205.0
268,143,80,44,266,139,79,43,535,758,527,25305.0
270,144,80,45,268,140,79,44,539,761,531,25405.0
272,146,81,46,270,142,80,45,545,765,537,25505.0
273,147,82,46,271,143,81,45,548,768,540,25605.0
274,148,83,47,272,144,82,46,552,771,544,25705.0
276,149,84,48,274,145,83,47,557,775,549,25805.0
277,150,85,48,275,146,84,47,560,778,552,25905.0
278,151,85,49,276,147,84,48,563,781,555,26005.0
280,152,86,50,278,148,85,49,568,785,560,26105.0
281,153,87,50,279,149,86,49,571,788,563,26205.0
282,154,88,51,280,150,87,50,575,791,567,26305.0
284,156,89,52,282,152,88,51,581,795,573,26405.0
285,157,90,52,283,153,89,51,584,798,576,26505.0
286,158,90,53,284,154,89,52,587,801,579,26605.0
288,159,91,54,286,155,90,53,592,805,584,26705.0
289,160,92,54,287,156,91,53,595,808,587,26805.0
291,161,93,55,289,157,92,54,600,811,592,26905.0
293,162,94,56,291,158,93,55,605,815,597,27005.0
294,163,95,56,292,159,94,55,608,818,600,27105.0
296,164,95,57,294,160,94,56,612,821,604,27205.0
298,166,96,58,296,162,95,57,618,825,610,27305.0
299,167,97,58,297,163,96,57,621,828,613,27405.0
301,168,98,59,299,164,97,58,626,831,618,27505.0
303,169,99,60,301,165,98,59,631,835,623,27605.0
304,170,100,60,302,166,99,59,634,838,626,27705.0
306,171,100,61,304,167,99,60,638,841,630,27805.0
308,172,101,62,306,168,100,61,643,845,635,27905.0
309,173,102,62,307,169,101,61,646,848,638,28005.0
310,174,103,63,308,170,102,62,650,851,642,28105.0
312,176,104,64,310,172,103,63,656,855,648,28205.0
313,177,105,64,311,173,104,63,659,858,651,28305.0
314,178,105,65,312,174,104,64,662,861,654,28405.0
316,179,106,66,314,175,105,65,667,865,659,28505.0
317,180,107,66,315,176,106,65,670,868,662,28605.0
318,181,108,67,316,177,107,66,674,871,666,28705.0
320,182,109,68,318,178,108,67,679,875,671,28805.0
321,183,110,68,319,179,109,67,682,878,674,28905.0
323,184,110,69,321,180,109,68,686,881,678,29005.0
325,186,111,70,323,182,110,69,692,885,684,29105.0
326,187,112,70,324,183,111,69,695,888,687,29205.0
328,188,113,71,326,184,112,70,700,891,692,29305.0
330,189,114,72,328,185,113,71,705,895,697,29405.0
331,190,115,72,329,186,114,71,708,898,700,29505.0
332,191,115,73,330,187,114,72,711,901,703,29605.0
334,192,116,74,332,188,115,73,716,905,708,29705.0
335,192,117,74,333,188,116,73,718,908,710,29805.0
337,193,118,75,335,188,117,74,723,911,714,29905.0
339,194,119,76,337,189,118,75,728,915,719,30005.0
340,195,120,76,338,189,119,75,731,918,721,30105.0
341,196,120,77,339,190,119,76,734,921,724,30205.0
343,197,121,78,341,191,120,77,739,925,729,30305.0
344,198,122,78,342,192,121,77,742,928,732,30405.0
345,199,123,79,343,193,122,78,746,931,736,30505.0
347,200,124,80,345,194,123,79,751,935,741,30605.0
348,201,125,80,346,195,124,79,754,938,744,30705.0
349,202,125,80,347,196,124,79,756,941,746,30805.0
351,204,126,81,349,198,125,79,762,945,751,30905.0
352,205,127,81,350,199,126,79,765,948,754,31005.0
354,206,128,82,352,200,127,80,770,951,759,31105.0
356,207,128,83,354,201,127,81,774,955,763,31205.0
357,208,129,83,355,202,127,81,777,958,765,31305.0
359,209,129,84,357,203,127,82,781,961,769,31405.0
361,210,130,85,359,204,128,83,786,965,774,31505.0
362,211,131,85,360,205,129,83,789,968,777,31605.0
364,212,132,86,362,206,130,84,794,971,782,31705.0
366,214,133,87,364,208,131,85,800,975,788,31805.0
367,215,134,87,365,209,132,85,803,978,791,31905.0
369,216,134,88,367,210,132,86,807,981,795,32005.0
371,217,135,89,369,211,133,87,812,985,800,32105.0
372,218,136,89,370,212,134,87,815,988,803,32205.0
374,219,137,90,372,213,135,88,820,991,808,32305.0
375,220,137,91,373,214,135,89,823,995,811,32405.0
376,221,138,91,373,215,135,89,826,998,812,32505.0
377,222,138,92,374,216,135,90,829,1001,815,32605.0
379,224,139,93,376,218,136,91,835,1005,821,32705.0
380,225,140,93,377,219,137,91,838,1008,824,32805.0
382,226,141,94,379,220,138,92,843,1011,829,32905.0
384,227,142,95,381,221,139,93,848,1015,834,33005.0
385,228,143,95,382,222,140,93,851,1018,837,33105.0
386,229,143,96,383,223,140,94,854,1021,840,33205.0
388,230,144,97,385,224,141,95,859,1025,845,33305.0
389,231,145,97,386,225,142,95,862,1028,848,33405.0
391,232,146,98,388,226,143,96,867,1031,853,33505.0
393,234,147,99,390,228,144,97,873,1035,859,33605.0
394,235,148,99,391,229,145,97,876,1038,862,33705.0
396,236,148,100,393,230,145,98,880,1041,866,33805.0
398,237,149,101,395,231,146,99,885,1045,871,33905.0
399,238,150,101,396,232,147,99,888,1048,874,34005.0
401,239,151,102,398,233,148,100,893,1051,879,34105.0
403,240,152,103,400,234,149,101,898,1055,884,34205.0
404,241,153,103,401,235,150,101,901,1058,887,34305.0
406,242,153,104,403,236,150,102,905,1061,891,34405.0
408,244,154,105,405,238,151,103,911,1065,897,34505.0
409,245,155,105,406,239,152,103,914,1068,900,34605.0
411,246,156,106,408,240,153,104,919,1071,905,34705.0
413,247,157,107,410,241,154,105,924,1075,910,34805.0
414,248,158,107,411,242,155,105,927,1078,913,34905.0
416,249,158,108,413,243,155,106,931,1081,917,35005.0
418,250,159,109,415,244,156,107,936,1085,922,35105.0
419,251,160,109,416,245,157,107,939,1088,925,35205.0
421,252,161,110,418,246,158,108,944,1091,930,35305.0
423,254,162,111,420,248,159,109,950,1095,936,35405.0
424,255,162,111,421,249,159,109,952,1098,938,35505.0
426,256,163,112,423,250,160,110,957,1101,943,35605.0
428,257,164,113,425,251,161,111,962,1105,948,35705.0
429,258,165,113,426,252,162,111,965,1108,951,35805.0
431,259,166,114,428,253,163,112,970,1111,956,35905.0
433,260,167,115,430,254,164,113,975,1115,961,36005.0
434,261,167,115,431,255,164,113,977,1118,963,36105.0
436,262,168,116,433,256,165,114,982,1121,968,36205.0
438,264,169,117,435,258,166,115,988,1125,974,36305.0
439,265,170,117,436,259,167,115,991,1128,977,36405.0
441,266,171,118,438,260,168,116,996,1131,982,36505.0
443,267,172,119,440,261,169,117,1001,1135,987,36605.0
444,268,172,119,441,262,169,117,1003,1138,989,36705.0
446,269,173,120,443,263,170,118,1008,1141,994,36805.0
447,270,174,121,443,264,171,119,1012,1145,997,36905.0
448,271,175,121,444,265,172,119,1015,1148,1000,37005.0
450,272,176,122,446,266,173,120,1020,1151,1005,37105.0
452,274,177,123,448,268,174,121,1026,1155,1011,37205.0
453,275,177,123,449,269,174,121,1028,1158,1013,37305.0
454,276,178,124,450,270,175,122,1032,1161,1017,37405.0
456,277,179,125,452,271,176,123,1037,1165,1022,37505.0
457,278,180,125,453,272,177,123,1040,1168,1025,37605.0
459,279,181,126,455,273,178,124,1045,1171,1030,37705.0
461,280,182,127,457,274,179,125,1050,1175,1035,37805.0
462,281,182,127,458,275,179,125,1052,1178,1037,37905.0
464,282,183,128,460,276,180,126,1057,1181,1042,38005.0
466,284,184,129,462,278,181,127,1063,1185,1048,38105.0
467,285,185,129,463,279,182,127,1066,1188,1051,38205.0
468,286,186,130,464,280,183,128,1070,1191,1055,38305.0
470,287,187,131,466,281,184,129,1075,1195,1060,38405.0
471,288,187,131,467,282,184,129,1077,1198,1062,38505.0
472,289,188,132,468,283,185,130,1081,1201,1066,38605.0
474,290,189,133,470,284,186,131,1086,1205,1071,38705.0
475,291,190,133,471,285,187,131,1089,1208,1074,38805.0
477,292,191,134,473,286,188,132,1094,1211,1079,38905.0
479,294,192,135,475,288,189,133,1100,1215,1085,39005.0
480,295,192,135,476,289,189,133,1102,1218,1087,39105.0
482,296,193,136,478,290,190,134,1107,1221,1092,39205.0
484,297,194,137,480,291,191,135,1112,1225,1097,39305.0
485,298,195,137,481,292,192,135,1115,1228,1100,39405.0
487,299,196,138,483,293,193,136,1120,1231,1105,39505.0
489,300,196,139,485,294,193,137,1124,1235,1109,39605.0
489,301,196,139,485,295,193,137,1125,1238,1110,39705.0
491,302,197,140,486,296,193,138,1130,1241,1113,39805.0
493,304,198,141,488,298,194,139,1136,1245,1119,39905.0
494,304,199,141,489,298,195,139,1138,1248,1121,40005.0
496,305,200,142,491,298,196,140,1143,1251,1125,40105.0
498,306,201,143,493,299,197,141,1148,1255,1130,40205.0
499,306,201,143,494,299,197,141,1149,1258,1131,40305.0
501,307,202,144,496,299,198,142,1154,1261,1135,40405.0
503,308,203,145,498,300,199,143,1159,1265,1140,40505.0
504,309,204,145,499,301,200,143,1162,1268,1143,40605.0
506,310,205,146,501,302,201,144,1167,1271,1148,40705.0
508,312,206,147,503,304,202,145,1173,1275,1154,40805.0
509,313,206,147,504,305,202,145,1175,1278,1156,40905.0
510,314,207,148,505,306,203,146,1179,1281,1160,41005.0
512,315,208,149,507,307,204,147,1184,1285,1165,41105.0
513,316,209,149,508,308,205,147,1187,1288,1168,41205.0
515,317,210,150,510,309,206,148,1192,1291,1173,41305.0
517,318,211,151,512,310,207,149,1197,1295,1178,41405.0
518,319,211,151,513,311,207,149,1199,1298,1180,41505.0
520,320,212,152,515,312,208,150,1204,1301,1185,41605.0
522,322,213,153,517,314,209,151,1210,1305,1191,41705.0
523,323,214,153,518,315,210,151,1213,1308,1194,41805.0
525,324,215,154,520,316,211,152,1218,1311,1199,41905.0
527,325,216,155,522,317,212,153,1223,1315,1204,42005.0
528,326,216,155,523,318,212,153,1225,1318,1206,42105.0
529,327,217,156,523,319,213,154,1229,1321,1209,42205.0
531,328,218,157,525,320,214,155,1234,1325,1214,42305.0
532,329,219,157,526,321,215,155,1237,1328,1217,42405.0
533,330,220,158,526,322,216,156,1241,1331,1220,42505.0
535,332,221,159,528,324,217,157,1247,1335,1226,42605.0
536,333,221,159,529,325,217,157,1249,1338,1228,42705.0
537,334,222,160,530,326,218,158,1253,1341,1232,42805.0
539,335,223,161,532,327,219,159,1258,1345,1237,42905.0
540,336,224,161,533,328,220,159,1261,1348,1240,43005.0
542,337,225,162,535,329,221,160,1266,1351,1245,43105.0
544,337,226,163,537,329,222,161,1270,1355,1249,43205.0
545,338,226,163,538,329,222,161,1272,1358,1250,43305.0
547,339,227,164,540,330,223,162,1277,1361,1255,43405.0
549,341,228,165,542,332,224,163,1283,1365,1261,43505.0
550,342,229,165,543,333,225,163,1286,1368,1264,43605.0
550,343,230,166,543,334,226,164,1289,1371,1267,43705.0
552,344,231,167,544,335,227,165,1294,1375,1271,43805.0
553,345,231,167,545,336,227,165,1296,1378,1273,43905.0
555,346,232,168,547,337,228,166,1301,1381,1278,44005.0
557,347,233,169,549,338,229,167,1306,1385,1283,44105.0
557,348,234,169,549,339,230,167,1308,1388,1285,44205.0
559,349,235,170,550,340,231,168,1313,1391,1289,44305.0
561,350,236,171,552,341,232,169,1318,1395,1294,44405.0
562,352,236,171,553,343,232,169,1321,1398,1297,44505.0
564,353,237,172,555,344,233,170,1326,1401,1302,44605.0
566,354,238,173,557,345,234,171,1331,1405,1307,44705.0
567,355,239,173,558,346,235,171,1334,1408,1310,44805.0
569,356,240,174,560,347,236,172,1339,1411,1315,44905.0
571,357,241,175,562,348,237,173,1344,1415,1320,45005.0
572,358,241,175,563,349,237,173,1346,1418,1322,45105.0
574,359,242,176,565,350,238,174,1351,1421,1327,45205.0
576,361,243,177,567,352,239,175,1357,1425,1333,45305.0
577,362,244,177,568,353,240,175,1360,1428,1336,45405.0
579,363,245,178,570,354,241,176,1365,1431,1341,45505.0
581,364,246,179,572,355,242,177,1370,1435,1346,45605.0
582,365,246,179,573,356,242,177,1372,1438,1348,45705.0
583,366,247,180,574,357,243,178,1376,1441,1352,45805.0
585,367,248,181,575,358,244,179,1381,1445,1356,45905.0
586,368,249,181,576,359,245,179,1384,1448,1359,46005.0
588,369,250,182,578,360,246,180,1389,1451,1364,46105.0
590,370,251,183,580,361,247,181,1394,1455,1369,46205.0
591,372,251,183,581,363,247,181,1397,1458,1372,46305.0
593,373,252,184,583,364,248,182,1402,1461,1377,46405.0
595,374,253,185,585,365,249,183,1407,1465,1382,46505.0
596,375,254,185,586,366,250,183,1410,1468,1385,46605.0
598,376,255,186,588,367,251,184,1415,1471,1390,46705.0
600,377,256,187,590,368,252,185,1420,1475,1395,46805.0
601,378,256,187,591,369,252,185,1422,1478,1397,46905.0
603,379,257,188,593,370,253,186,1427,1481,1402,47005.0
605,380,258,189,595,371,254,187,1432,1485,1407,47105.0
606,382,259,189,596,373,255,187,1436,1488,1411,47205.0
608,383,260,190,598,374,256,188,1441,1491,1416,47305.0
610,384,261,191,600,375,257,189,1446,1495,1421,47405.0
611,385,261,191,601,376,257,189,1448,1498,1423,47505.0
612,386,262,192,602,377,258,190,1452,1501,1427,47605.0
614,387,263,193,604,378,259,191,1457,1505,1432,47705.0
615,388,264,193,605,379,260,191,1460,1508,1435,47805.0
617,389,265,194,607,380,261,192,1465,1511,1440,47905.0
619,390,266,195,609,381,262,193,1470,1515,1445,48005.0
620,392,266,195,610,383,262,193,1473,1518,1448,48105.0
622,393,267,196,612,384,263,194,1478,1521,1453,48205.0
624,394,268,197,614,385,264,195,1483,1525,1458,48305.0
625,395,269,197,615,386,265,195,1486,1528,1461,48405.0
626,396,270,198,616,387,266,196,1490,1531,1465,48505.0
628,397,271,199,618,388,267,197,1495,1535,1470,48605.0
629,398,271,199,619,389,267,197,1497,1538,1472,48705.0
631,399,272,200,621,390,268,198,1502,1541,1477,48805.0
633,400,273,201,623,391,269,199,1507,1545,1482,48905.0
634,402,274,201,624,393,270,199,1511,1548,1486,49005.0
635,403,275,202,625,394,271,200,1515,1551,1490,49105.0
637,404,276,203,627,395,272,201,1520,1555,1495,49205.0
638,405,276,203,628,396,272,201,1522,1558,1497,49305.0
639,406,277,204,628,397,273,202,1526,1561,1500,49405.0
641,407,278,205,630,398,274,203,1531,1565,1505,49505.0
642,408,279,205,631,399,275,203,1534,1568,1508,49605.0
643,409,280,206,632,400,276,204,1538,1571,1512,49705.0
645,410,281,207,634,401,277,205,1543,1575,1517,49805.0
646,412,281,207,635,403,277,205,1546,1578,1520,49905.0
648,413,282,208,637,404,278,206,1551,1581,1525,50005.0
650,414,283,209,639,405,279,207,1556,1585,1530,50105.0
651,415,284,209,640,406,280,207,1559,1588,1533,50205.0
653,416,285,210,642,407,281,208,1564,1591,1538,50305.0
655,417,286,211,644,408,282,209,1569,1595,1543,50405.0
656,418,286,211,645,409,282,209,1571,1598,1545,50505.0
658,419,287,212,647,410,283,210,1576,1601,1550,50605.0
660,420,288,213,649,411,284,211,1581,1605,1555,50705.0
661,422,289,213,650,413,285,211,1585,1608,1559,50805.0
662,423,290,214,651,414,286,212,1589,1611,1563,50905.0
664,424,291,215,653,415,287,213,1594,1615,1568,51005.0
665,425,291,215,654,416,287,213,1596,1618,1570,51105.0
667,426,292,216,656,417,288,214,1601,1621,1575,51205.0
669,427,293,217,658,418,289,215,1606,1625,1580,51305.0
670,428,294,217,659,419,290,215,1609,1628,1583,51405.0
672,429,295,218,661,420,291,216,1614,1631,1588,51505.0
674,430,296,219,663,421,292,217,1619,1635,1593,51605.0
675,432,296,219,664,423,292,217,1622,1638,1596,51705.0
676,433,297,220,664,424,293,218,1626,1641,1599,51805.0
678,434,298,221,666,425,294,218,1631,1645,1603,51905.0
679,435,298,221,667,426,294,218,1633,1648,1605,52005.0
680,436,299,222,667,427,294,218,1637,1651,1606,52105.0
682,437,300,223,669,428,295,219,1642,1655,1611,52205.0
683,438,300,223,670,429,295,219,1644,1658,1613,52305.0
685,439,301,224,672,430,296,220,1649,1661,1618,52405.0
687,440,302,225,674,431,297,221,1654,1665,1623,52505.0
688,442,303,225,675,433,298,221,1658,1668,1627,52605.0
689,443,304,226,675,434,299,222,1662,1671,1630,52705.0
691,444,305,227,677,435,300,223,1667,1675,1635,52805.0
692,445,305,227,678,436,300,223,1669,1678,1637,52905.0
694,446,306,228,680,437,301,224,1674,1681,1642,53005.0
696,446,307,229,682,437,302,225,1678,1685,1646,53105.0
697,447,308,229,683,437,303,225,1681,1688,1648,53205.0
699,448,309,229,685,438,304,225,1685,1691,1652,53305.0
701,449,310,230,687,439,305,225,1690,1695,1656,53405.0
702,451,310,230,688,441,305,225,1693,1698,1659,53505.0
703,452,311,231,689,442,306,226,1697,1701,1663,53605.0
705,452,312,232,691,442,307,227,1701,1705,1667,53705.0
705,453,313,232,691,442,308,227,1703,1708,1668,53805.0
706,454,314,233,691,443,309,228,1707,1711,1671,53905.0
708,455,315,234,693,444,310,229,1712,1715,1676,54005.0
709,456,315,234,694,445,310,229,1714,1718,1678,54105.0
711,457,316,235,696,446,311,230,1719,1721,1683,54205.0
713,458,317,236,698,447,312,231,1724,1725,1688,54305.0
714,460,318,236,699,449,313,231,1728,1728,1692,54405.0
716,461,319,237,701,450,314,232,1733,1731,1697,54505.0
718,462,320,238,703,451,315,233,1738,1735,1702,54605.0
719,463,320,238,704,452,315,233,1740,1738,1704,54705.0
720,464,321,239,705,453,316,234,1744,1741,1708,54805.0
722,465,322,240,707,454,317,235,1749,1745,1713,54905.0
723,466,323,240,708,455,318,235,1752,1748,1716,55005.0
724,467,324,241,708,456,319,236,1756,1751,1719,55105.0
726,468,325,242,710,457,320,237,1761,1755,1724,55205.0
727,470,325,242,711,459,320,237,1764,1758,1727,55305.0
728,471,326,243,712,460,321,238,1768,1761,1731,55405.0
730,472,327,244,714,461,322,239,1773,1765,1736,55505.0
731,473,328,244,715,462,323,239,1776,1768,1739,55605.0
732,474,329,245,716,463,324,240,1780,1771,1743,55705.0
734,475,330,246,718,464,325,241,1785,1775,1748,55805.0
735,476,330,246,719,465,325,241,1787,1778,1750,55905.0
736,477,331,247,719,466,326,242,1791,1781,1753,56005.0
738,478,332,248,721,467,327,243,1796,1785,1758,56105.0
739,480,333,248,722,469,328,243,1800,1788,1762,56205.0
740,481,334,249,723,470,329,244,1804,1791,1766,56305.0
742,482,335,250,725,471,330,245,1809,1795,1771,56405.0
743,483,335,250,726,472,330,245,1811,1798,1773,56505.0
744,484,336,251,726,473,331,246,1815,1801,1776,56605.0
746,485,337,252,728,474,332,247,1820,1805,1781,56705.0
747,486,338,252,729,475,333,247,1823,1808,1784,56805.0
748,487,339,253,730,476,334,248,1827,1811,1788,56905.0
750,488,340,254,732,477,335,249,1832,1815,1793,57005.0
751,490,340,254,733,479,335,249,1835,1818,1796,57105.0
752,491,341,255,733,480,336,250,1839,1821,1799,57205.0
754,492,342,256,735,481,337,251,1844,1825,1804,57305.0
755,493,343,256,736,482,338,251,1847,1828,1807,57405.0
756,494,344,257,736,483,339,252,1851,1831,1810,57505.0
758,495,345,258,738,484,340,253,1856,1835,1815,57605.0
759,495,345,258,739,484,340,253,1857,1838,1816,57705.0
760,496,346,259,740,484,341,254,1861,1841,1819,57805.0
762,497,347,260,742,485,342,255,1866,1845,1824,57905.0
763,499,348,260,743,487,343,255,1870,1848,1828,58005.0
764,500,349,261,744,488,344,256,1874,1851,1832,58105.0
766,501,350,262,746,489,345,257,1879,1855,1837,58205.0
767,502,350,262,747,490,345,257,1881,1858,1839,58305.0
768,503,351,263,748,491,346,258,1885,1861,1843,58405.0
770,504,352,264,750,492,347,259,1890,1865,1848,58505.0
771,505,353,264,751,493,348,259,1893,1868,1851,58605.0
772,506,354,265,751,494,349,260,1897,1871,1854,58705.0
774,507,355,266,753,495,350,261,1902,1875,1859,58805.0
775,509,355,266,754,497,350,261,1905,1878,1862,58905.0
777,510,356,267,756,498,351,262,1910,1881,1867,59005.0
779,511,357,268,758,499,352,263,1915,1885,1872,59105.0
780,512,358,268,759,500,353,263,1918,1888,1875,59205.0
781,513,359,269,760,501,354,264,1922,1891,1879,59305.0
783,514,360,270,762,502,355,265,1927,1895,1884,59405.0
784,515,360,270,763,503,355,265,1929,1898,1886,59505.0
785,516,361,271,763,504,356,266,1933,1901,1889,59605.0
787,517,362,272,765,505,357,267,1938,1905,1894,59705.0
788,519,363,272,766,507,358,267,1942,1908,1898,59805.0
789,520,364,273,766,508,359,268,1946,1911,1901,59905.0
791,521,365,274,768,509,360,269,1951,1915,1906,60005.0
792,522,365,274,769,510,360,269,1953,1918,1908,60105.0
793,523,366,275,770,511,361,270,1957,1921,1912,60205.0
794,524,367,276,771,512,362,271,1961,1925,1916,60305.0
795,525,368,276,771,513,363,271,1964,1928,1918,60405.0
796,526,369,277,771,514,364,272,1968,1931,1921,60505.0
798,527,370,278,773,515,365,273,1973,1935,1926,60605.0
798,529,370,278,773,517,365,273,1975,1938,1928,60705.0
800,530,371,279,774,518,366,274,1980,1941,1932,60805.0
802,531,372,280,776,519,367,275,1985,1945,1937,60905.0
803,532,373,280,777,520,368,275,1988,1948,1940,61005.0
803,533,374,281,777,521,369,276,1991,1951,1943,61105.0
805,533,375,282,778,521,370,277,1995,1955,1946,61205.0
806,534,375,282,779,521,370,277,1997,1958,1947,61305.0
806,535,376,283,779,521,371,278,2000,1961,1949,61405.0
808,536,377,283,780,522,372,278,2004,1965,1952,61505.0
809,536,378,283,781,522,373,278,2006,1968,1954,61605.0
811,536,379,284,783,522,374,278,2010,1971,1957,61705.0
813,537,380,284,785,522,375,278,2014,1975,1960,61805.0
814,537,380,284,786,522,375,278,2015,1978,1961,61905.0
815,538,381,285,786,522,376,278,2019,1981,1962,62005.0
817,538,382,286,788,522,377,279,2023,1985,1966,62105.0
818,538,383,286,789,522,378,279,2025,1988,1968,62205.0
819,539,384,287,789,522,379,280,2029,1991,1970,62305.0
819,540,385,287,789,523,380,280,2031,1995,1972,62405.0
819,541,385,287,789,523,380,280,2032,1998,1972,62505.0
820,541,386,288,789,523,381,280,2035,2001,1973,62605.0
822,542,387,288,791,523,382,280,2039,2005,1976,62705.0
823,543,388,288,792,524,383,280,2042,2008,1979,62805.0
824,544,389,289,793,525,384,280,2046,2011,1982,62905.0
824,545,390,290,793,526,385,281,2049,2015,1985,63005.0
824,546,390,290,793,527,385,281,2050,2018,1986,63105.0
824,547,391,291,793,528,386,282,2053,2021,1989,63205.0
824,548,392,292,793,529,387,283,2056,2025,1992,63305.0
824,550,393,292,793,530,388,283,2059,2028,1994,63405.0
824,551,394,293,793,531,389,284,2062,2031,1997,63505.0
824,552,395,294,793,532,390,285,2065,2035,2000,63605.0
824,553,395,294,793,533,390,285,2066,2038,2001,63705.0
824,554,396,295,793,534,391,286,2069,2041,2004,63805.0
824,555,397,296,793,535,392,287,2072,2045,2007,63905.0
824,556,398,296,793,536,393,287,2074,2048,2009,64005.0
824,556,399,297,793,536,394,288,2076,2051,2011,64105.0
825,557,400,297,793,536,395,288,2079,2055,2012,64205.0
825,559,400,297,793,537,395,288,2081,2058,2013,64305.0
825,560,401,298,793,538,396,288,2084,2061,2015,64405.0
825,560,402,299,793,538,397,289,2086,2065,2017,64505.0
825,561,403,299,793,538,398,289,2088,2068,2018,64605.0
825,562,404,300,793,539,399,290,2091,2071,2021,64705.0
825,563,405,301,793,540,400,291,2094,2075,2024,64805.0
825,564,405,301,793,541,400,291,2095,2078,2025,64905.0
825,565,406,301,793,542,401,291,2097,2081,2027,65005.0
825,566,407,302,793,543,402,291,2100,2085,2029,65105.0
825,568,408,302,793,545,403,291,2103,2088,2032,65205.0
825,569,409,302,793,546,404,291,2105,2091,2034,65305.0
825,570,410,302,793,547,405,291,2107,2095,2036,65405.0
825,571,410,302,793,548,405,291,2108,2098,2037,65505.0
826,572,411,302,793,549,406,291,2111,2101,2039,65605.0
827,573,412,302,793,550,407,291,2114,2105,2041,65705.0
827,574,413,302,793,551,408,291,2116,2108,2043,65805.0
829,575,414,302,794,552,409,291,2120,2111,2046,65905.0
830,576,415,302,794,553,410,291,2123,2115,2048,66005.0
831,577,415,302,795,553,410,291,2125,2118,2049,66105.0
833,578,416,302,797,554,411,291,2129,2121,2053,66205.0
835,579,417,302,798,555,412,291,2133,2125,2056,66305.0
836,580,418,302,799,556,413,291,2136,2128,2059,66405.0
838,581,419,302,801,557,414,291,2140,2131,2063,66505.0
840,582,420,302,802,558,415,291,2144,2135,2066,66605.0
841,583,420,302,803,559,415,291,2146,2138,2068,66705.0
843,584,421,302,805,560,416,291,2150,2141,2072,66805.0
845,585,422,302,807,561,417,291,2154,2145,2076,66905.0
845,587,423,302,807,563,418,291,2157,2148,2079,67005.0
847,588,424,302,808,564,419,291,2161,2151,2082,67105.0
849,589,425,302,810,565,420,291,2165,2155,2086,67205.0
850,590,425,302,811,566,420,291,2167,2158,2088,67305.0
851,591,426,302,812,567,421,291,2170,2161,2091,67405.0
851,592,427,302,812,568,422,291,2172,2165,2093,67505.0
852,593,428,302,812,569,423,291,2175,2168,2095,67605.0
853,594,429,302,813,570,424,291,2178,2171,2098,67705.0
854,595,430,302,813,571,425,291,2181,2175,2100,67805.0
855,597,430,302,814,573,425,291,2184,2178,2103,67905.0
857,598,431,302,816,574,426,291,2188,2181,2107,68005.0
858,599,432,302,817,575,427,291,2191,2185,2110,68105.0
859,600,433,302,817,576,428,291,2194,2188,2112,68205.0
860,601,434,303,818,577,429,291,2198,2191,2115,68305.0
861,602,435,303,819,578,430,291,2201,2195,2118,68405.0
862,603,435,303,820,579,430,291,2203,2198,2120,68505.0
863,604,436,304,820,580,431,291,2207,2201,2122,68605.0
864,605,437,305,821,581,432,292,2211,2205,2126,68705.0
865,607,438,305,822,583,433,292,2215,2208,2130,68805.0
866,608,439,306,822,584,434,293,2219,2211,2133,68905.0
868,609,440,307,824,585,435,294,2224,2215,2138,69005.0
869,610,440,307,825,585,435,294,2226,2218,2139,69105.0
869,611,441,308,825,585,436,295,2229,2221,2141,69205.0
871,612,442,309,826,586,437,296,2234,2225,2145,69305.0
871,613,443,309,826,587,438,296,2236,2228,2147,69405.0
872,614,444,310,826,588,439,297,2240,2231,2150,69505.0
872,615,445,311,826,589,440,298,2243,2235,2153,69605.0
873,617,445,311,827,591,440,298,2246,2238,2156,69705.0
873,618,446,311,827,592,441,298,2248,2241,2158,69805.0
873,619,447,312,827,593,442,299,2251,2245,2161,69905.0
873,619,448,312,827,593,443,299,2252,2248,2162,70005.0
873,620,448,312,827,593,443,299,2253,2251,2162,70105.0
874,621,449,312,828,594,443,299,2256,2255,2164,70205.0
875,622,449,312,829,595,443,299,2258,2258,2166,70305.0
875,623,450,313,829,596,444,300,2261,2261,2169,70405.0
875,624,451,314,829,597,445,301,2264,2265,2172,70505.0
875,626,452,314,829,599,446,301,2267,2268,2175,70605.0
875,627,453,314,829,600,447,301,2269,2271,2177,70705.0
876,628,454,315,830,601,448,302,2273,2275,2181,70805.0
877,628,454,315,830,601,448,302,2274,2278,2181,70905.0
878,629,455,316,831,601,449,303,2278,2281,2184,71005.0
879,630,456,316,832,602,450,303,2281,2285,2187,71105.0
880,631,457,316,833,603,451,303,2284,2288,2190,71205.0
882,632,458,316,835,604,452,303,2288,2291,2194,71305.0
883,633,459,316,836,605,453,303,2291,2295,2197,71405.0
884,635,459,316,837,607,453,303,2294,2298,2200,71505.0
886,636,460,316,839,608,454,303,2298,2301,2204,71605.0
888,637,461,316,841,609,455,303,2302,2305,2208,71705.0
889,638,462,316,842,610,456,303,2305,2308,2211,71805.0
890,639,463,317,842,611,457,304,2309,2311,2214,71905.0
892,640,464,318,844,612,458,305,2314,2315,2219,72005.0
893,641,464,318,845,613,458,305,2316,2318,2221,72105.0
895,642,465,318,847,614,459,305,2320,2321,2225,72205.0
897,643,466,319,849,615,460,306,2325,2325,2230,72305.0
898,645,467,319,850,617,461,306,2329,2328,2234,72405.0
900,646,468,319,852,618,462,306,2333,2331,2238,72505.0
902,647,469,319,854,619,463,306,2337,2335,2242,72605.0
903,648,469,319,855,620,463,306,2339,2338,2244,72705.0
904,649,470,320,855,621,464,307,2343,2341,2247,72805.0
906,650,471,321,857,622,465,308,2348,2345,2252,72905.0
907,651,472,321,858,623,466,308,2351,2348,2255,73005.0
908,652,473,322,858,624,467,309,2355,2351,2258,73105.0
910,653,474,322,860,625,468,309,2359,2355,2262,73205.0
911,655,474,322,861,627,468,309,2362,2358,2265,73305.0
913,656,475,322,863,628,469,309,2366,2361,2269,73405.0
915,657,476,323,865,629,470,310,2371,2365,2274,73505.0
916,658,477,323,866,630,471,310,2374,2368,2277,73605.0
917,659,478,324,866,631,472,311,2378,2371,2280,73705.0
919,660,479,325,868,632,473,312,2383,2375,2285,73805.0
920,661,479,325,869,633,473,312,2385,2378,2287,73905.0
921,662,480,326,869,634,474,313,2389,2381,2290,74005.0
923,663,481,327,871,635,475,314,2394,2385,2295,74105.0
924,665,481,327,872,637,475,314,2397,2388,2298,74205.0
925,666,482,328,872,638,475,315,2401,2391,2300,74305.0
927,667,483,329,874,639,476,316,2406,2395,2305,74405.0
928,668,483,329,875,640,476,316,2408,2398,2307,74505.0
929,669,484,330,875,641,477,317,2412,2401,2310,74605.0
931,670,485,331,877,642,478,318,2417,2405,2315,74705.0
931,671,486,331,877,643,479,318,2419,2408,2317,74805.0
932,672,487,332,877,644,480,319,2423,2411,2320,74905.0
934,673,488,333,879,645,481,320,2428,2415,2325,75005.0
935,675,488,333,880,647,481,320,2431,2418,2328,75105.0
936,676,489,334,880,648,482,321,2435,2421,2331,75205.0
938,677,490,335,882,649,483,322,2440,2425,2336,75305.0
939,678,491,335,883,650,484,322,2443,2428,2339,75405.0
940,679,492,336,883,651,485,323,2447,2431,2342,75505.0
942,680,493,337,885,652,486,324,2452,2435,2347,75605.0
943,681,493,337,886,653,486,324,2454,2438,2349,75705.0
944,682,494,338,886,654,487,325,2458,2441,2352,75805.0
946,683,495,339,888,655,488,326,2463,2445,2357,75905.0
947,685,496,339,889,657,489,326,2467,2448,2361,76005.0
948,686,497,340,889,658,490,327,2471,2451,2364,76105.0
949,687,498,341,889,659,491,328,2475,2455,2367,76205.0
950,688,498,341,890,660,491,328,2477,2458,2369,76305.0
951,689,499,342,890,661,492,329,2481,2461,2372,76405.0
953,690,500,343,892,662,493,330,2486,2465,2377,76505.0
954,691,501,343,893,663,494,330,2489,2468,2380,76605.0
956,692,502,344,895,664,495,331,2494,2471,2385,76705.0
958,693,503,344,897,665,496,331,2498,2475,2389,76805.0
959,695,503,344,898,667,496,331,2501,2478,2392,76905.0
960,696,504,345,898,668,497,331,2505,2481,2394,77005.0
962,697,505,346,900,669,498,332,2510,2485,2399,77105.0
963,698,506,346,901,670,499,332,2513,2488,2402,77205.0
964,699,507,347,901,671,500,333,2517,2491,2405,77305.0
965,700,508,348,902,672,501,334,2521,2495,2409,77405.0
966,701,508,348,902,673,501,334,2523,2498,2410,77505.0
967,702,509,349,902,674,502,335,2527,2501,2413,77605.0
969,703,510,350,904,675,503,336,2532,2505,2418,77705.0
970,705,511,350,905,677,504,336,2536,2508,2422,77805.0
971,706,512,351,905,678,505,337,2540,2511,2425,77905.0
973,707,513,352,907,679,506,338,2545,2515,2430,78005.0
974,708,513,352,908,680,506,338,2547,2518,2432,78105.0
975,709,514,353,908,681,507,339,2551,2521,2435,78205.0
977,710,515,354,910,682,508,340,2556,2525,2440,78305.0
978,711,516,354,911,683,509,340,2559,2528,2443,78405.0
979,712,517,355,911,684,510,341,2563,2531,2446,78505.0
981,713,518,356,913,685,511,342,2568,2535,2451,78605.0
982,715,518,356,914,687,511,342,2571,2538,2454,78705.0
983,716,519,357,914,688,512,343,2575,2541,2457,78805.0
985,717,520,358,916,689,513,344,2580,2545,2462,78905.0
986,718,521,358,917,690,514,344,2583,2548,2465,79005.0
987,719,522,359,917,691,515,345,2587,2551,2468,79105.0
989,720,523,360,919,692,516,346,2592,2555,2473,79205.0
990,721,523,360,920,693,516,346,2594,2558,2475,79305.0
991,722,524,361,920,694,517,347,2598,2561,2478,79405.0
993,723,525,362,922,695,518,348,2603,2565,2483,79505.0
994,725,526,362,923,697,519,348,2607,2568,2487,79605.0
995,726,527,363,923,698,520,349,2611,2571,2490,79705.0
997,727,527,364,925,699,520,350,2615,2575,2494,79805.0
998,728,527,364,926,700,520,350,2617,2578,2496,79905.0
999,729,528,365,926,701,520,351,2621,2581,2498,80005.0
1001,730,529,366,928,702,521,352,2626,2585,2503,80105.0
1002,731,530,366,929,703,522,352,2629,2588,2506,80205.0
1003,732,531,367,929,704,523,353,2633,2591,2509,80305.0
1004,733,532,368,930,705,524,354,2637,2595,2513,80405.0
1005,735,532,368,930,707,524,354,2640,2598,2515,80505.0
1006,736,533,369,930,708,525,355,2644,2601,2518,80605.0
1007,737,534,370,931,709,526,356,2648,2605,2522,80705.0
1008,738,535,370,931,710,527,356,2651,2608,2524,80805.0
1009,739,536,371,931,711,528,357,2655,2611,2527,80905.0
1011,740,537,372,933,712,529,358,2660,2615,2532,81005.0
1012,741,537,372,934,713,529,358,2662,2618,2534,81105.0
1013,742,538,373,934,714,530,359,2666,2621,2537,81205.0
1015,743,539,374,936,715,531,360,2671,2625,2542,81305.0
1016,745,540,374,937,717,532,360,2675,2628,2546,81405.0
1017,746,541,375,937,718,533,361,2679,2631,2549,81505.0
1019,747,542,376,939,719,534,362,2684,2635,2554,81605.0
1020,748,542,376,940,720,534,362,2686,2638,2556,81705.0
1021,749,543,377,940,721,535,363,2690,2641,2559,81805.0
1023,750,544,377,942,722,536,363,2694,2645,2563,81905.0
1024,751,545,377,943,723,537,363,2697,2648,2566,82005.0
1025,752,546,378,943,724,538,363,2701,2651,2568,82105.0
1027,753,547,379,945,725,538,364,2706,2655,2572,82205.0
1028,755,547,379,946,727,538,364,2709,2658,2575,82305.0
1029,756,548,380,946,728,539,365,2713,2661,2578,82405.0
1031,757,549,381,948,729,540,366,2718,2665,2583,82505.0
1032,758,550,381,949,730,541,366,2721,2668,2586,82605.0
1033,759,551,382,949,731,542,367,2725,2671,2589,82705.0
1035,760,552,383,951,732,543,368,2730,2675,2594,82805.0
1036,761,552,383,952,733,543,368,2732,2678,2596,82905.0
1037,762,553,384,952,734,544,369,2736,2681,2599,83005.0
1039,763,554,385,954,735,545,370,2741,2685,2604,83105.0
1040,765,555,385,955,737,546,370,2745,2688,2608,83205.0
1041,766,556,386,955,738,547,371,2749,2691,2611,83305.0
1043,767,557,387,957,739,548,372,2754,2695,2616,83405.0
1044,768,557,387,958,740,548,372,2756,2698,2618,83505.0
1046,768,558,387,960,740,549,372,2759,2701,2621,83605.0
1048,768,559,388,962,740,550,372,2763,2705,2624,83705.0
1049,768,560,388,963,740,551,372,2765,2708,2626,83805.0
1050,769,561,389,963,740,552,373,2769,2711,2628,83905.0
1052,770,562,390,965,741,553,374,2774,2715,2633,84005.0
1053,772,562,390,966,743,553,374,2777,2718,2636,84105.0
1054,773,563,391,966,744,554,375,2781,2721,2639,84205.0
1056,774,564,392,968,745,555,376,2786,2725,2644,84305.0
1057,775,565,392,969,746,556,376,2789,2728,2647,84405.0
1058,776,566,393,969,747,557,377,2793,2731,2650,84505.0
1060,777,567,394,971,748,558,378,2798,2735,2655,84605.0
1061,778,567,394,972,749,558,378,2800,2738,2657,84705.0
1062,779,568,395,972,750,559,379,2804,2741,2660,84805.0
1064,780,569,396,974,751,560,380,2809,2745,2665,84905.0
1065,782,570,396,975,753,561,380,2813,2748,2669,85005.0
1066,783,571,397,975,754,562,381,2817,2751,2672,85105.0
1068,784,572,398,977,755,563,382,2822,2755,2677,85205.0
1069,785,572,398,978,756,563,382,2824,2758,2679,85305.0
1070,786,573,399,978,757,564,383,2828,2761,2682,85405.0
1072,787,574,400,980,758,565,384,2833,2765,2687,85505.0
1073,788,575,400,981,759,566,384,2836,2768,2690,85605.0
1074,789,576,401,981,760,567,385,2840,2771,2693,85705.0
1076,790,577,402,983,761,568,386,2845,2775,2698,85805.0
1077,792,577,402,984,763,568,386,2848,2778,2701,85905.0
1078,793,578,403,984,764,569,387,2852,2781,2704,86005.0
1080,794,578,404,986,765,569,388,2856,2785,2708,86105.0
1081,795,579,404,987,766,569,388,2859,2788,2710,86205.0
1082,796,580,405,987,767,570,389,2863,2791,2713,86305.0
1084,797,581,406,989,768,571,390,2868,2795,2718,86405.0
1085,798,581,406,990,769,571,390,2870,2798,2720,86505.0
1086,799,582,407,990,770,572,391,2874,2801,2723,86605.0
1088,800,583,408,992,771,573,392,2879,2805,2728,86705.0
1089,802,584,408,993,773,574,392,2883,2808,2732,86805.0
1090,803,585,409,993,774,575,393,2887,2811,2735,86905.0
1092,804,586,410,995,775,576,394,2892,2815,2740,87005.0
1093,805,586,410,996,776,576,394,2894,2818,2742,87105.0
1094,806,587,411,996,777,577,395,2898,2821,2745,87205.0
1096,807,588,412,998,778,578,396,2903,2825,2750,87305.0
1097,808,589,412,999,779,579,396,2906,2828,2753,87405.0
1098,809,590,413,999,780,580,397,2910,2831,2756,87505.0
1100,810,591,414,1001,781,581,398,2915,2835,2761,87605.0
1101,812,591,414,1002,783,581,398,2918,2838,2764,87705.0
1102,813,592,415,1002,784,582,399,2922,2841,2767,87805.0
1104,814,593,416,1004,785,583,400,2927,2845,2772,87905.0
1105,815,594,416,1005,786,584,400,2930,2848,2775,88005.0
1106,816,595,417,1005,787,585,401,2934,2851,2778,88105.0
1108,817,596,418,1007,788,586,402,2939,2855,2783,88205.0
1109,818,596,418,1008,789,586,402,2941,2858,2785,88305.0
1110,819,597,419,1008,790,587,403,2945,2861,2788,88405.0
1112,820,598,420,1010,791,588,404,2950,2865,2793,88505.0
1113,822,599,420,1011,793,589,404,2954,2868,2797,88605.0
1114,823,600,421,1011,794,590,405,2958,2871,2800,88705.0
1116,824,601,422,1013,795,591,406,2963,2875,2805,88805.0
1117,825,601,422,1014,796,591,406,2965,2878,2807,88905.0
1118,826,602,423,1014,797,592,407,2969,2881,2810,89005.0
1120,827,603,424,1016,798,593,408,2974,2885,2815,89105.0
1121,828,604,424,1017,799,594,408,2977,2888,2818,89205.0
1123,829,605,424,1019,800,595,408,2981,2891,2822,89305.0
1125,830,606,425,1021,801,596,408,2986,2895,2826,89405.0
1126,832,606,425,1022,803,596,408,2989,2898,2829,89505.0
1127,833,607,426,1022,804,597,409,2993,2901,2832,89605.0
1129,834,608,427,1024,805,598,410,2998,2905,2837,89705.0
1130,834,609,427,1025,805,599,410,3000,2908,2839,89805.0
1131,835,610,428,1025,805,600,411,3004,2911,2841,89905.0
1133,836,611,429,1027,806,601,412,3009,2915,2846,90005.0
1134,837,611,429,1028,807,601,412,3011,2918,2848,90105.0
1135,837,612,430,1028,807,602,413,3014,2921,2850,90205.0
1137,838,613,431,1030,807,603,414,3019,2925,2854,90305.0
1138,840,614,431,1031,809,604,414,3023,2928,2858,90405.0
1139,841,615,432,1031,810,605,415,3027,2931,2861,90505.0
1141,842,616,433,1033,811,606,416,3032,2935,2866,90605.0
1142,843,616,433,1034,812,606,416,3034,2938,2868,90705.0
1143,844,617,434,1034,813,607,417,3038,2941,2871,90805.0
1145,845,618,435,1036,814,608,418,3043,2945,2876,90905.0
1146,846,619,435,1037,815,609,418,3046,2948,2879,91005.0
1147,847,619,436,1037,816,609,419,3049,2951,2881,91105.0
1149,848,620,437,1039,817,609,420,3054,2955,2885,91205.0
1150,850,620,437,1040,819,609,420,3057,2958,2888,91305.0
1151,851,621,438,1040,820,610,421,3061,2961,2891,91405.0
1153,852,622,439,1042,821,611,422,3066,2965,2896,91505.0
1154,853,623,439,1043,822,612,422,3069,2968,2899,91605.0
1155,854,624,440,1043,823,613,423,3073,2971,2902,91705.0
1157,855,625,441,1045,824,614,424,3078,2975,2907,91805.0
1158,856,625,441,1046,825,614,424,3080,2978,2909,91905.0
1159,857,626,442,1046,826,615,425,3084,2981,2912,92005.0
1161,858,627,443,1048,827,616,426,3089,2985,2917,92105.0
1162,860,628,443,1049,829,617,426,3093,2988,2921,92205.0
1162,861,629,444,1049,830,618,427,3096,2991,2924,92305.0
1164,862,630,445,1050,831,619,428,3101,2995,2928,92405.0
1165,863,630,445,1051,832,619,428,3103,2998,2930,92505.0
1166,864,631,445,1051,833,620,428,3106,3001,2932,92605.0
1168,865,632,446,1053,834,621,428,3111,3005,2936,92705.0
1169,866,633,446,1054,835,622,428,3114,3008,2939,92805.0
1170,867,634,447,1054,836,623,429,3118,3011,2942,92905.0
1172,868,635,448,1056,837,624,430,3123,3015,2947,93005.0
1173,870,635,448,1057,839,624,430,3126,3018,2950,93105.0
1174,871,636,449,1057,840,625,431,3130,3021,2953,93205.0
1176,872,637,450,1059,841,626,432,3135,3025,2958,93305.0
1177,873,638,450,1060,842,627,432,3138,3028,2961,93405.0
1178,874,639,451,1060,843,628,433,3142,3031,2964,93505.0
1180,875,640,452,1062,844,629,434,3147,3035,2969,93605.0
1181,876,640,452,1063,845,629,434,3149,3038,2971,93705.0
1182,877,641,453,1063,846,630,435,3153,3041,2974,93805.0
1184,878,642,454,1065,847,631,436,3158,3045,2979,93905.0
1185,880,643,454,1066,849,632,436,3162,3048,2983,94005.0
1185,881,644,455,1066,850,633,437,3165,3051,2986,94105.0
1186,882,645,456,1066,851,634,438,3169,3055,2989,94205.0
1187,883,645,456,1067,852,634,438,3171,3058,2991,94305.0
1188,884,646,457,1067,853,635,439,3175,3061,2994,94405.0
1190,885,647,457,1069,854,636,439,3179,3065,2998,94505.0
1191,886,648,457,1070,855,637,439,3182,3068,3001,94605.0
1191,887,649,458,1070,856,638,439,3185,3071,3003,94705.0
1193,888,650,459,1071,857,639,440,3190,3075,3007,94805.0
1194,890,650,459,1072,859,639,440,3193,3078,3010,94905.0
1195,891,651,460,1072,860,640,441,3197,3081,3013,95005.0
1197,892,652,461,1074,861,641,442,3202,3085,3018,95105.0
1198,893,653,461,1075,862,642,442,3205,3088,3021,95205.0
1199,894,654,461,1075,863,643,442,3208,3091,3023,95305.0
1201,895,655,462,1077,864,644,442,3213,3095,3027,95405.0
1202,896,655,462,1078,865,644,442,3215,3098,3029,95505.0
1203,897,656,463,1078,866,645,443,3219,3101,3032,95605.0
1205,898,657,464,1080,867,646,444,3224,3105,3037,95705.0
1206,900,658,464,1081,868,647,444,3228,3108,3040,95805.0
1206,901,659,465,1081,869,648,445,3231,3111,3043,95905.0
1208,902,660,466,1082,870,649,446,3236,3115,3047,96005.0
1209,903,660,466,1083,871,649,446,3238,3118,3049,96105.0
1210,904,661,467,1083,872,650,447,3242,3121,3052,96205.0
1211,905,662,468,1083,873,651,448,3246,3125,3055,96305.0
1212,906,663,468,1084,874,652,448,3249,3128,3058,96405.0
1213,907,664,469,1084,875,653,449,3253,3131,3061,96505.0
1215,908,665,470,1086,876,654,450,3258,3135,3066,96605.0
1216,910,665,470,1087,878,654,450,3261,3138,3069,96705.0
1217,911,666,471,1087,879,655,451,3265,3141,3072,96805.0
1219,912,667,472,1089,880,656,452,3270,3145,3077,96905.0
1220,913,668,472,1090,881,657,452,3273,3148,3080,97005.0
1221,914,669,473,1090,882,658,453,3277,3151,3083,97105.0
1223,915,670,474,1092,883,659,454,3282,3155,3088,97205.0
1224,916,670,474,1093,884,659,454,3284,3158,3090,97305.0
1225,917,671,475,1093,885,660,455,3288,3161,3093,97405.0
1227,918,672,476,1095,886,661,456,3293,3165,3098,97505.0
1228,920,673,476,1096,888,662,456,3297,3168,3102,97605.0
1229,921,674,477,1096,889,663,457,3301,3171,3105,97705.0
1231,921,675,478,1098,889,664,458,3305,3175,3109,97805.0
1232,922,675,478,1099,889,664,458,3307,3178,3110,97905.0
1233,923,676,479,1099,890,665,459,3311,3181,3113,98005.0
1235,924,677,480,1101,891,666,460,3316,3185,3118,98105.0
1236,925,678,480,1102,892,667,460,3319,3188,3121,98205.0
1237,926,679,481,1102,893,668,461,3323,3191,3124,98305.0
1239,927,680,482,1104,894,669,462,3328,3195,3129,98405.0
1240,929,680,482,1105,896,669,462,3331,3198,3132,98505.0
1241,930,681,483,1105,897,670,463,3335,3201,3135,98605.0
1243,931,682,484,1107,898,671,464,3340,3205,3140,98705.0
1244,932,683,484,1108,899,672,464,3343,3208,3143,98805.0
1245,933,684,485,1108,900,673,465,3347,3211,3146,98905.0
1247,933,685,486,1110,900,674,466,3351,3215,3150,99005.0
1248,934,685,486,1111,900,674,466,3353,3218,3151,99105.0
1249,935,686,487,1111,901,675,467,3357,3221,3154,99205.0
1251,936,687,488,1113,902,676,468,3362,3225,3159,99305.0
1252,938,688,488,1114,904,677,468,3366,3228,3163,99405.0
1253,939,689,489,1114,905,678,469,3370,3231,3166,99505.0
1255,940,690,490,1116,906,679,470,3375,3235,3171,99605.0
1256,941,690,490,1117,907,679,470,3377,3238,3173,99705.0
1257,941,691,491,1117,907,680,471,3380,3241,3175,99805.0
1259,942,691,492,1119,907,680,472,3384,3245,3178,99905.0
1260,943,692,492,1120,908,680,472,3387,3248,3180,100005.0
1261,944,693,493,1120,909,681,473,3391,3251,3183,100105.0
1263,945,694,494,1122,910,682,474,3396,3255,3188,100205.0
1264,947,694,494,1123,912,682,474,3399,3258,3191,100305.0
1265,948,695,495,1123,913,683,475,3403,3261,3194,100405.0
1267,949,696,496,1125,914,684,476,3408,3265,3199,100505.0
1268,950,697,496,1126,915,685,476,3411,3268,3202,100605.0
1269,951,698,497,1126,916,686,477,3415,3271,3205,100705.0
1271,952,698,498,1128,917,686,478,3419,3275,3209,100805.0
1272,953,698,498,1129,918,686,478,3421,3278,3211,100905.0
1274,954,699,498,1131,919,686,478,3425,3281,3214,101005.0
1275,954,700,499,1132,919,687,478,3428,3285,3216,101105.0
1276,956,701,499,1132,920,688,478,3432,3288,3218,101205.0
1277,957,702,500,1132,921,689,479,3436,3291,3221,101305.0
1279,958,703,501,1134,922,690,480,3441,3295,3226,101405.0
1280,959,703,501,1135,923,690,480,3443,3298,3228,101505.0
1282,960,704,501,1137,924,691,480,3447,3301,3232,101605.0
1284,961,705,502,1139,925,692,480,3452,3305,3236,101705.0
1285,961,706,502,1140,925,693,480,3454,3308,3238,101805.0
1286,962,707,503,1140,925,694,481,3458,3311,3240,101905.0
1288,963,708,504,1142,926,695,482,3463,3315,3245,102005.0
1289,965,708,504,1143,928,695,482,3466,3318,3248,102105.0
1290,966,709,505,1143,929,696,483,3470,3321,3251,102205.0
1291,967,710,506,1143,930,697,483,3474,3325,3253,102305.0
1292,968,711,506,1144,931,698,483,3477,3328,3256,102405.0
1293,969,712,507,1144,932,699,484,3481,3331,3259,102505.0
1295,970,713,508,1146,933,700,485,3486,3335,3264,102605.0
1296,971,713,508,1147,934,700,485,3488,3338,3266,102705.0
1297,972,714,509,1147,935,701,486,3492,3341,3269,102805.0
1299,973,715,510,1149,936,702,487,3497,3345,3274,102905.0
1300,975,716,510,1150,938,703,487,3501,3348,3278,103005.0
1300,976,717,511,1150,939,704,488,3504,3351,3281,103105.0
1302,977,718,512,1151,940,705,489,3509,3355,3285,103205.0
1303,978,718,512,1152,941,705,489,3511,3358,3287,103305.0
1304,979,719,513,1152,942,706,490,3515,3361,3290,103405.0
1306,980,720,514,1154,943,707,491,3520,3365,3295,103505.0
1307,981,721,514,1155,944,708,491,3523,3368,3298,103605.0
1308,982,722,515,1155,945,709,492,3527,3371,3301,103705.0
1310,983,723,516,1157,946,710,493,3532,3375,3306,103805.0
1311,985,723,516,1158,948,710,493,3535,3378,3309,103905.0
1312,986,724,517,1158,949,711,494,3539,3381,3312,104005.0
1314,987,725,518,1160,950,712,495,3544,3385,3317,104105.0
1315,988,726,518,1161,951,713,495,3547,3388,3320,104205.0
1316,989,727,519,1161,952,714,496,3551,3391,3323,104305.0
1318,990,728,520,1163,953,715,497,3556,3395,3328,104405.0
1319,991,728,520,1164,954,715,497,3558,3398,3330,104505.0
1320,992,729,520,1164,955,716,497,3561,3401,3332,104605.0
1322,993,730,521,1166,956,717,497,3566,3405,3336,104705.0
1323,995,731,521,1167,958,718,497,3570,3408,3340,104805.0
1324,996,732,522,1167,959,719,498,3574,3411,3343,104905.0
1326,997,733,523,1169,960,720,499,3579,3415,3348,105005.0
1327,998,733,523,1170,961,720,499,3581,3418,3350,105105.0
1328,999,734,524,1170,962,721,500,3585,3421,3353,105205.0
1330,1000,735,525,1172,963,722,501,3590,3425,3358,105305.0
1331,1001,736,525,1173,964,723,501,3593,3428,3361,105405.0
1332,1002,737,526,1173,965,724,502,3597,3431,3364,105505.0
1334,1003,738,527,1175,966,725,503,3602,3435,3369,105605.0
1335,1005,738,527,1176,968,725,503,3605,3438,3372,105705.0
1336,1006,739,528,1176,969,726,504,3609,3441,3375,105805.0
1338,1007,740,529,1178,970,727,505,3614,3445,3380,105905.0
1339,1008,741,529,1179,971,728,505,3617,3448,3383,106005.0
1339,1009,742,530,1179,972,729,506,3620,3451,3386,106105.0
1341,1010,743,531,1180,973,730,507,3625,3455,3390,106205.0
1341,1011,743,531,1180,974,730,507,3626,3458,3391,106305.0
1342,1012,744,532,1180,975,731,508,3630,3461,3394,106405.0
1344,1013,745,533,1182,976,732,509,3635,3465,3399,106505.0
1345,1015,746,533,1183,978,733,509,3639,3468,3403,106605.0
1346,1016,747,534,1183,979,734,510,3643,3471,3406,106705.0
1348,1017,748,535,1185,980,735,511,3648,3475,3411,106805.0
1349,1018,748,535,1186,981,735,511,3650,3478,3413,106905.0
1350,1019,749,536,1186,982,736,512,3654,3481,3416,107005.0
1352,1020,750,537,1188,983,737,513,3659,3485,3421,107105.0
1353,1021,751,537,1189,984,738,513,3662,3488,3424,107205.0
1354,1022,752,537,1189,985,739,513,3665,3491,3426,107305.0
1356,1023,753,538,1191,986,740,513,3670,3495,3430,107405.0
1356,1025,753,538,1191,988,740,513,3672,3498,3432,107505.0
1357,1026,754,539,1191,989,741,514,3676,3501,3435,107605.0
1359,1027,755,540,1193,990,742,515,3681,3505,3440,107705.0
1360,1028,756,540,1194,991,743,515,3684,3508,3443,107805.0
1362,1029,757,540,1196,992,744,515,3688,3511,3447,107905.0
1364,1030,758,541,1198,993,745,515,3693,3515,3451,108005.0
1365,1031,758,541,1199,994,745,515,3695,3518,3453,108105.0
1367,1031,759,541,1201,994,746,515,3698,3521,3456,108205.0
1369,1032,760,542,1203,994,747,515,3703,3525,3459,108305.0
1370,1034,761,542,1204,996,748,515,3707,3528,3463,108405.0
1371,1035,762,543,1204,997,749,516,3711,3531,3466,108505.0
1373,1036,763,544,1206,998,750,517,3716,3535,3471,108605.0
1374,1037,763,544,1207,999,750,517,3718,3538,3473,108705.0
1375,1038,764,545,1207,1000,751,518,3722,3541,3476,108805.0
1377,1039,765,546,1208,1001,752,519,3727,3545,3480,108905.0
1378,1040,766,546,1209,1002,753,519,3730,3548,3483,109005.0
1379,1041,767,547,1209,1003,754,520,3734,3551,3486,109105.0
1381,1042,768,548,1211,1004,755,521,3739,3555,3491,109205.0
1382,1044,768,548,1212,1006,755,521,3742,3558,3494,109305.0
1383,1045,769,549,1212,1007,756,522,3746,3561,3497,109405.0
1385,1046,770,550,1214,1008,757,523,3751,3565,3502,109505.0
1386,1047,771,550,1215,1009,758,523,3754,3568,3505,109605.0
1388,1048,772,550,1217,1010,759,523,3758,3571,3509,109705.0
1390,1049,773,551,1219,1011,760,523,3763,3575,3513,109805.0
1391,1050,773,551,1220,1012,760,523,3765,3578,3515,109905.0
1392,1051,774,552,1220,1013,761,524,3769,3581,3518,110005.0
1394,1052,775,552,1222,1014,762,524,3773,3585,3522,110105.0
1395,1054,776,552,1223,1016,763,524,3777,3588,3526,110205.0
1397,1055,777,552,1225,1017,764,524,3781,3591,3530,110305.0
1399,1056,778,553,1227,1018,765,524,3786,3595,3534,110405.0
1400,1056,778,553,1228,1018,765,524,3787,3598,3535,110505.0
1401,1057,779,554,1228,1018,766,525,3791,3601,3537,110605.0
1402,1058,780,555,1229,1019,767,526,3795,3605,3542,110705.0
1404,1059,781,555,1231,1020,768,526,3799,3608,3545,110805.0
1405,1060,782,556,1231,1021,769,527,3803,3611,3548,110905.0
1407,1061,783,557,1233,1022,770,528,3808,3615,3553,111005.0
1408,1063,783,557,1234,1024,770,528,3811,3618,3556,111105.0
1409,1064,784,558,1234,1025,771,529,3815,3621,3559,111205.0
1411,1065,785,559,1236,1026,772,530,3820,3625,3564,111305.0
1412,1066,786,559,1237,1027,773,530,3823,3628,3567,111405.0
1413,1067,787,560,1237,1028,774,531,3827,3631,3570,111505.0
1414,1068,788,561,1238,1029,775,532,3831,3635,3574,111605.0
1416,1069,788,561,1240,1030,775,532,3834,3638,3577,111705.0
1417,1070,789,562,1240,1031,776,533,3838,3641,3580,111805.0
1418,1071,790,563,1241,1032,777,534,3842,3645,3584,111905.0
1419,1073,791,563,1242,1034,778,534,3846,3648,3588,112005.0
1421,1074,792,563,1243,1035,779,534,3850,3651,3591,112105.0
1422,1075,793,564,1244,1036,780,534,3854,3655,3594,112205.0
1423,1076,793,564,1245,1037,780,534,3856,3658,3596,112305.0
1424,1077,794,565,1245,1038,781,535,3860,3661,3599,112405.0
1425,1078,795,566,1246,1039,782,536,3864,3665,3603,112505.0
1427,1079,796,566,1248,1040,783,536,3868,3668,3607,112605.0
1428,1080,797,567,1248,1041,784,537,3872,3671,3610,112705.0
1429,1081,798,568,1249,1042,785,538,3876,3675,3614,112805.0
1431,1083,798,568,1251,1044,785,538,3880,3678,3618,112905.0
1432,1084,799,569,1251,1045,786,539,3884,3681,3621,113005.0
1433,1085,800,570,1252,1046,787,540,3888,3685,3625,113105.0
1435,1085,801,570,1254,1046,788,540,3891,3688,3628,113205.0
1437,1086,802,570,1256,1046,789,540,3895,3691,3631,113305.0
1438,1087,802,571,1257,1047,789,540,3898,3695,3633,113405.0
1440,1088,802,571,1259,1048,789,540,3901,3698,3636,113505.0
1441,1089,803,572,1259,1049,789,541,3905,3701,3638,113605.0
1442,1090,804,573,1260,1050,790,542,3909,3705,3642,113705.0
1443,1092,805,573,1260,1052,791,542,3913,3708,3645,113805.0
1444,1093,806,574,1260,1053,792,543,3917,3711,3648,113905.0
1445,1094,807,574,1261,1054,793,543,3920,3715,3651,114005.0
1447,1095,807,574,1263,1055,793,543,3923,3718,3654,114105.0
1449,1096,808,574,1265,1056,794,543,3927,3721,3658,114205.0
1450,1097,809,575,1266,1057,795,543,3931,3725,3661,114305.0
1452,1098,810,575,1268,1058,796,543,3935,3728,3665,114405.0
1454,1099,811,575,1270,1059,797,543,3939,3731,3669,114505.0
1455,1100,812,576,1271,1060,798,543,3943,3735,3672,114605.0
1457,1102,812,576,1273,1062,798,543,3947,3738,3676,114705.0
1459,1103,813,576,1275,1063,799,543,3951,3741,3680,114805.0
1460,1104,814,577,1276,1064,800,543,3955,3745,3683,114905.0
1462,1105,815,577,1278,1065,801,543,3959,3748,3687,115005.0
1464,1106,816,577,1280,1066,802,543,3963,3751,3691,115105.0
1465,1107,817,578,1281,1067,803,543,3967,3755,3694,115205.0
1467,1108,817,578,1283,1068,803,543,3970,3758,3697,115305.0
1469,1109,818,578,1285,1069,804,543,3974,3761,3701,115405.0
1470,1110,819,579,1286,1070,805,543,3978,3765,3704,115505.0
1472,1112,820,579,1288,1072,806,543,3983,3768,3709,115605.0
1473,1113,820,580,1288,1073,806,544,3986,3771,3711,115705.0
1474,1113,821,581,1289,1073,806,545,3989,3775,3713,115805.0
1476,1114,821,581,1291,1073,806,545,3992,3778,3715,115905.0
1477,1115,822,581,1291,1074,807,545,3995,3781,3717,116005.0
1478,1116,823,582,1292,1075,808,545,3999,3785,3720,116105.0
1480,1117,824,582,1294,1076,809,545,4003,3788,3724,116205.0
1482,1118,825,582,1296,1077,810,545,4007,3791,3728,116305.0
1483,1119,826,583,1297,1078,811,545,4011,3795,3731,116405.0
1485,1121,826,583,1299,1080,811,545,4015,3798,3735,116505.0
1487,1122,827,583,1301,1081,812,545,4019,3801,3739,116605.0
1488,1123,828,584,1302,1082,813,545,4023,3805,3742,116705.0
1490,1124,829,584,1304,1083,814,545,4027,3808,3746,116805.0
1492,1125,830,584,1306,1084,815,545,4031,3811,3750,116905.0
1493,1126,831,585,1307,1085,816,545,4035,3815,3753,117005.0
1495,1127,831,585,1309,1086,816,545,4038,3818,3756,117105.0
1497,1128,832,585,1311,1087,817,545,4042,3821,3760,117205.0
1498,1129,833,586,1312,1088,818,545,4046,3825,3763,117305.0
1500,1131,834,586,1314,1090,819,545,4051,3828,3768,117405.0
1502,1132,835,586,1316,1091,820,545,4055,3831,3772,117505.0
1503,1133,836,587,1317,1092,821,545,4059,3835,3775,117605.0
1505,1134,836,587,1319,1093,821,545,4062,3838,3778,117705.0
1507,1135,837,587,1321,1094,822,545,4066,3841,3782,117805.0
1508,1136,838,588,1322,1095,823,545,4070,3845,3785,117905.0
1510,1137,839,588,1324,1096,824,545,4074,3848,3789,118005.0
1512,1138,840,588,1326,1097,825,545,4078,3851,3793,118105.0
1513,1139,840,589,1327,1098,825,545,4081,3855,3795,118205.0
1515,1141,840,589,1329,1100,825,545,4085,3858,3799,118305.0
1517,1142,841,589,1331,1101,825,545,4089,3861,3802,118405.0
1518,1143,842,590,1332,1102,826,545,4093,3865,3805,118505.0
1520,1144,843,590,1334,1103,827,545,4097,3868,3809,118605.0
1522,1145,844,590,1336,1104,828,545,4101,3871,3813,118705.0
1523,1145,845,591,1337,1104,829,545,4104,3875,3815,118805.0
1525,1146,845,591,1339,1104,829,545,4107,3878,3817,118905.0
1527,1147,846,591,1341,1105,830,545,4111,3881,3821,119005.0
1528,1148,847,592,1342,1106,831,545,4115,3885,3824,119105.0
1530,1150,848,592,1344,1108,832,545,4120,3888,3829,119205.0
1531,1151,849,592,1345,1109,833,545,4123,3891,3832,119305.0
1532,1152,850,593,1345,1110,834,545,4127,3895,3834,119405.0
1534,1153,850,593,1347,1111,834,545,4130,3898,3837,119505.0
1536,1154,851,593,1349,1112,835,545,4134,3901,3841,119605.0
1537,1155,852,594,1350,1113,836,545,4138,3905,3844,119705.0
1539,1156,853,594,1352,1114,837,545,4142,3908,3848,119805.0
1541,1157,854,594,1354,1115,838,545,4146,3911,3852,119905.0
1542,1158,855,595,1355,1116,839,545,4150,3915,3855,120005.0
1544,1160,855,595,1357,1118,839,545,4154,3918,3859,120105.0
1544,1161,855,596,1357,1119,839,546,4156,3921,3861,120205.0
1545,1162,856,597,1357,1120,839,547,4160,3925,3863,120305.0
1547,1163,857,597,1359,1121,840,547,4164,3928,3867,120405.0
1549,1164,858,597,1361,1122,841,547,4168,3931,3871,120505.0
1550,1165,859,598,1362,1123,842,547,4172,3935,3874,120605.0
1552,1166,859,598,1364,1124,842,547,4175,3938,3877,120705.0
1553,1167,860,599,1364,1125,843,548,4179,3941,3880,120805.0
1554,1168,861,600,1365,1126,844,549,4183,3945,3884,120905.0
1556,1170,862,600,1367,1128,845,549,4188,3948,3889,121005.0
1557,1171,863,601,1367,1129,846,550,4192,3951,3892,121105.0
1558,1172,864,602,1368,1130,847,551,4196,3955,3896,121205.0
1560,1173,864,602,1370,1131,847,551,4199,3958,3899,121305.0
1562,1174,865,602,1372,1132,848,551,4203,3961,3903,121405.0
1563,1175,866,603,1373,1133,849,551,4207,3965,3906,121505.0
1565,1176,867,603,1375,1134,850,551,4211,3968,3910,121605.0
1567,1177,868,603,1377,1135,851,551,4215,3971,3914,121705.0
1568,1178,869,604,1378,1136,852,551,4219,3975,3917,121805.0
1570,1179,869,604,1380,1137,852,551,4222,3978,3920,121905.0
1572,1181,870,604,1382,1139,853,551,4227,3981,3925,122005.0
1572,1182,871,605,1382,1140,854,551,4230,3985,3927,122105.0
1574,1183,872,605,1383,1141,855,551,4234,3988,3930,122205.0
1576,1184,873,605,1385,1142,856,551,4238,3991,3934,122305.0
1577,1185,874,606,1386,1143,857,551,4242,3995,3937,122405.0
1579,1186,874,606,1388,1144,857,551,4245,3998,3940,122505.0
1581,1187,875,606,1390,1145,858,551,4249,4001,3944,122605.0
1582,1188,876,607,1391,1146,859,551,4253,4005,3947,122705.0
1584,1189,877,607,1393,1147,860,551,4257,4008,3951,122805.0
1586,1191,878,607,1395,1149,861,551,4262,4011,3956,122905.0
1587,1192,879,608,1396,1150,862,551,4266,4015,3959,123005.0
1589,1193,879,608,1398,1151,862,551,4269,4018,3962,123105.0
1591,1194,880,608,1400,1152,863,551,4273,4021,3966,123205.0
1592,1195,881,609,1401,1153,864,551,4277,4025,3969,123305.0
1594,1196,882,609,1403,1154,865,551,4281,4028,3973,123405.0
1596,1197,883,609,1405,1155,866,551,4285,4031,3977,123505.0
1597,1198,884,610,1406,1156,867,551,4289,4035,3980,123605.0
1598,1199,884,610,1407,1157,867,551,4291,4038,3982,123705.0
1600,1201,885,610,1408,1159,868,551,4296,4041,3986,123805.0
1601,1202,886,611,1409,1160,869,551,4300,4045,3989,123905.0
1603,1202,887,611,1411,1160,870,551,4303,4048,3992,124005.0
1605,1203,888,611,1413,1160,871,551,4307,4051,3995,124105.0
1606,1204,889,612,1414,1161,872,551,4311,4055,3998,124205.0
1608,1205,889,612,1416,1162,872,551,4314,4058,4001,124305.0
1610,1206,890,612,1418,1163,873,551,4318,4061,4005,124405.0
1611,1207,891,613,1419,1164,874,551,4322,4065,4008,124505.0
1613,1208,892,613,1421,1165,875,551,4326,4068,4012,124605.0
1615,1210,893,613,1423,1167,876,551,4331,4071,4017,124705.0
1616,1211,894,614,1424,1168,877,551,4335,4075,4020,124805.0
1618,1212,894,614,1426,1169,877,551,4338,4078,4023,124905.0
1620,1213,894,614,1428,1170,877,551,4341,4081,4026,125005.0
1620,1214,895,615,1428,1171,877,551,4344,4085,4027,125105.0
1622,1215,896,615,1429,1172,878,551,4348,4088,4030,125205.0
1623,1216,897,616,1429,1173,879,552,4352,4091,4033,125305.0
1624,1217,898,617,1430,1174,880,553,4356,4095,4037,125405.0
1626,1218,898,617,1432,1175,880,553,4359,4098,4040,125505.0
1628,1220,899,617,1434,1177,881,553,4364,4101,4045,125605.0
1629,1221,900,618,1435,1178,882,553,4368,4105,4048,125705.0
1631,1221,901,618,1437,1178,883,553,4371,4108,4051,125805.0
1631,1222,902,619,1437,1178,884,554,4374,4111,4053,125905.0
1632,1223,903,620,1437,1179,885,555,4378,4115,4056,126005.0
1634,1224,903,620,1439,1180,885,555,4381,4118,4059,126105.0
1636,1225,904,620,1440,1181,886,555,4385,4121,4062,126205.0
1637,1226,905,621,1441,1182,887,555,4389,4125,4065,126305.0
1639,1226,906,621,1443,1182,888,555,4392,4128,4068,126405.0
1641,1228,907,621,1445,1183,889,555,4397,4131,4072,126505.0
1642,1229,908,622,1446,1184,890,555,4401,4135,4075,126605.0
1644,1230,908,622,1448,1185,890,555,4404,4138,4078,126705.0
1646,1231,909,622,1450,1186,891,555,4408,4141,4082,126805.0
1647,1232,910,623,1451,1187,892,555,4412,4145,4085,126905.0
1649,1233,911,623,1453,1188,893,555,4416,4148,4089,127005.0
1651,1234,912,623,1455,1189,894,555,4420,4151,4093,127105.0
1652,1235,913,624,1456,1190,895,555,4424,4155,4096,127205.0
1654,1236,913,624,1458,1191,895,555,4427,4158,4099,127305.0
1656,1238,914,624,1460,1193,896,555,4432,4161,4104,127405.0
1657,1239,915,625,1461,1194,897,555,4436,4165,4107,127505.0
1659,1240,916,625,1463,1195,898,555,4440,4168,4111,127605.0
1661,1241,917,625,1465,1196,899,555,4444,4171,4115,127705.0
1662,1242,918,626,1466,1197,900,555,4448,4175,4118,127805.0
1664,1243,918,626,1468,1198,900,555,4451,4178,4121,127905.0
1666,1244,919,626,1470,1199,901,555,4455,4181,4125,128005.0
1667,1245,920,627,1471,1200,902,555,4459,4185,4128,128105.0
1669,1246,921,627,1473,1201,903,555,4463,4188,4132,128205.0
1671,1248,922,627,1475,1203,904,555,4468,4191,4137,128305.0
1672,1249,923,628,1476,1204,905,555,4472,4195,4140,128405.0
1674,1250,923,628,1478,1205,905,555,4475,4198,4143,128505.0
1676,1251,924,628,1480,1206,906,555,4479,4201,4147,128605.0
1677,1252,925,629,1481,1207,907,555,4483,4205,4150,128705.0
1679,1253,926,629,1483,1208,908,555,4487,4208,4154,128805.0
1681,1254,927,629,1485,1209,909,555,4491,4211,4158,128905.0
1682,1255,928,629,1486,1210,910,555,4494,4215,4161,129005.0
1684,1256,928,629,1488,1211,910,555,4497,4218,4164,129105.0
1686,1258,929,629,1490,1213,911,555,4502,4221,4169,129205.0
1687,1259,930,630,1491,1214,912,555,4506,4225,4172,129305.0
1689,1260,931,630,1493,1215,913,555,4510,4228,4176,129405.0
1691,1261,932,630,1495,1216,914,555,4514,4231,4180,129505.0
1692,1262,933,631,1496,1217,915,555,4518,4235,4183,129605.0
1694,1263,933,631,1498,1218,915,555,4521,4238,4186,129705.0
1695,1264,934,632,1498,1219,916,556,4525,4241,4189,129805.0
1696,1265,935,633,1499,1220,917,557,4529,4245,4193,129905.0
1698,1266,936,633,1501,1221,918,557,4533,4248,4197,130005.0
1700,1268,937,633,1503,1223,919,557,4538,4251,4202,130105.0
1701,1269,938,634,1504,1224,920,557,4542,4255,4205,130205.0
1703,1270,938,634,1506,1225,920,557,4545,4258,4208,130305.0
1705,1270,939,634,1508,1225,921,557,4548,4261,4211,130405.0
1706,1271,940,635,1509,1225,922,557,4552,4265,4213,130505.0
1708,1272,941,635,1511,1226,923,557,4556,4268,4217,130605.0
1710,1273,942,635,1513,1227,924,557,4560,4271,4221,130705.0
1711,1274,943,636,1514,1228,925,557,4564,4275,4224,130805.0
1713,1275,943,636,1516,1229,925,557,4567,4278,4227,130905.0
1715,1277,944,636,1518,1231,926,557,4572,4281,4232,131005.0
1716,1278,945,637,1519,1232,927,557,4576,4285,4235,131105.0
1718,1279,946,637,1521,1233,928,557,4580,4288,4239,131205.0
1719,1280,947,638,1521,1234,929,558,4584,4291,4242,131305.0
1720,1281,948,639,1522,1235,930,559,4588,4295,4246,131405.0
1722,1282,948,639,1524,1236,930,559,4591,4298,4249,131505.0
1724,1283,949,639,1526,1237,931,559,4595,4301,4253,131605.0
1725,1284,950,640,1527,1238,932,559,4599,4305,4256,131705.0
1727,1285,951,640,1529,1239,933,559,4603,4308,4260,131805.0
1729,1287,952,640,1531,1241,934,559,4608,4311,4265,131905.0
1730,1288,953,641,1532,1242,935,559,4612,4315,4268,132005.0
1732,1289,953,641,1534,1243,935,559,4615,4318,4271,132105.0
1734,1290,954,641,1536,1244,936,559,4619,4321,4275,132205.0
1735,1291,955,642,1537,1245,937,559,4623,4325,4278,132305.0
1737,1292,956,642,1539,1246,938,559,4627,4328,4282,132405.0
1739,1293,957,642,1541,1247,939,559,4631,4331,4286,132505.0
1740,1294,958,643,1542,1248,940,559,4635,4335,4289,132605.0
1742,1295,958,643,1544,1249,940,559,4638,4338,4292,132705.0
1744,1297,959,643,1546,1251,941,559,4643,4341,4297,132805.0
1744,1298,960,644,1546,1252,942,559,4646,4345,4299,132905.0
1745,1299,960,644,1546,1253,942,559,4648,4348,4300,133005.0
1747,1300,961,644,1548,1254,942,559,4652,4351,4303,133105.0
1748,1301,962,645,1549,1255,943,559,4656,4355,4306,133205.0
1750,1302,962,645,1551,1256,943,559,4659,4358,4309,133305.0
1752,1303,963,645,1553,1257,944,559,4663,4361,4313,133405.0
1753,1304,964,646,1554,1258,945,559,4667,4365,4316,133505.0
1755,1305,965,646,1556,1259,946,559,4671,4368,4320,133605.0
1757,1307,966,646,1558,1261,947,559,4676,4371,4325,133705.0
1758,1308,967,647,1559,1262,948,559,4680,4375,4328,133805.0
1759,1309,967,647,1560,1263,948,559,4682,4378,4330,133905.0
1761,1310,968,647,1561,1264,949,559,4686,4381,4333,134005.0
1762,1311,969,648,1562,1265,950,559,4690,4385,4336,134105.0
1764,1312,970,648,1564,1266,951,559,4694,4388,4340,134205.0
1766,1313,971,648,1566,1267,952,559,4698,4391,4344,134305.0
1767,1314,972,649,1567,1268,953,559,4702,4395,4347,134405.0
1769,1315,972,649,1569,1269,953,559,4705,4398,4350,134505.0
1771,1316,973,649,1571,1270,954,559,4709,4401,4354,134605.0
1772,1317,974,650,1572,1270,955,559,4713,4405,4356,134705.0
1773,1318,975,650,1573,1271,956,559,4716,4408,4359,134805.0
1775,1319,976,650,1574,1272,957,559,4720,4411,4362,134905.0
1776,1320,977,651,1575,1273,958,559,4724,4415,4365,135005.0
1778,1321,977,651,1577,1274,958,559,4727,4418,4368,135105.0
1780,1322,978,651,1579,1275,959,559,4731,4421,4372,135205.0
1781,1323,979,652,1580,1276,960,559,4735,4425,4375,135305.0
1783,1324,980,652,1582,1277,961,559,4739,4428,4379,135405.0
1785,1326,981,652,1584,1279,962,559,4744,4431,4384,135505.0
1786,1327,982,653,1585,1280,963,559,4748,4435,4387,135605.0
1788,1328,982,653,1587,1281,963,559,4751,4438,4390,135705.0
1790,1329,983,653,1589,1282,964,559,4755,4441,4394,135805.0
1791,1330,984,654,1590,1283,965,559,4759,4445,4397,135905.0
1793,1331,985,654,1592,1284,966,559,4763,4448,4401,136005.0
1795,1332,986,654,1594,1285,967,559,4767,4451,4405,136105.0
1796,1333,987,655,1595,1286,968,559,4771,4455,4408,136205.0
1798,1334,987,655,1597,1287,968,559,4774,4458,4411,136305.0
1800,1336,988,655,1599,1289,969,559,4779,4461,4416,136405.0
1801,1337,988,656,1600,1290,969,559,4782,4465,4418,136505.0
1803,1338,989,656,1602,1291,969,559,4786,4468,4421,136605.0
1805,1339,990,656,1604,1292,970,559,4790,4471,4425,136705.0
1806,1340,991,657,1605,1293,971,559,4794,4475,4428,136805.0
1808,1341,991,657,1607,1294,971,559,4797,4478,4431,136905.0
1810,1342,992,657,1609,1295,972,559,4801,4481,4435,137005.0
1811,1343,993,658,1610,1296,973,559,4805,4485,4438,137105.0
1813,1344,994,658,1612,1297,974,559,4809,4488,4442,137205.0
1815,1346,995,658,1614,1299,975,559,4814,4491,4447,137305.0
1816,1347,996,659,1615,1300,976,559,4818,4495,4450,137405.0
1818,1348,996,659,1617,1301,976,559,4821,4498,4453,137505.0
1820,1349,997,659,1619,1302,977,559,4825,4501,4457,137605.0
1821,1350,998,660,1620,1303,978,559,4829,4505,4460,137705.0
1823,1351,999,660,1622,1304,979,559,4833,4508,4464,137805.0
1825,1351,1000,660,1624,1304,980,559,4836,4511,4467,137905.0
1826,1352,1001,661,1625,1304,980,559,4840,4515,4468,138005.0
1828,1353,1001,661,1627,1305,980,559,4843,4518,4471,138105.0
1830,1355,1002,661,1629,1307,980,559,4848,4521,4475,138205.0
1831,1356,1003,662,1630,1308,981,559,4852,4525,4478,138305.0
1833,1357,1004,662,1632,1309,982,559,4856,4528,4482,138405.0
1835,1358,1005,662,1634,1310,983,559,4860,4531,4486,138505.0
1836,1359,1006,663,1635,1311,984,559,4864,4535,4489,138605.0
1838,1360,1006,663,1637,1312,984,559,4867,4538,4492,138705.0
1840,1361,1007,663,1639,1313,985,559,4871,4541,4496,138805.0
1841,1362,1008,664,1640,1314,986,559,4875,4545,4499,138905.0
1843,1363,1009,664,1642,1315,987,559,4879,4548,4503,139005.0
1845,1365,1010,664,1644,1317,988,559,4884,4551,4508,139105.0
1846,1366,1011,665,1645,1318,989,559,4888,4555,4511,139205.0
1848,1367,1011,665,1647,1319,989,559,4891,4558,4514,139305.0
1850,1368,1012,665,1649,1320,990,559,4895,4561,4518,139405.0
1850,1369,1013,666,1649,1321,991,559,4898,4565,4520,139505.0
1852,1370,1014,666,1650,1322,992,559,4902,4568,4523,139605.0
1854,1371,1015,666,1652,1323,993,559,4906,4571,4527,139705.0
1855,1372,1016,667,1653,1324,994,559,4910,4575,4530,139805.0
1857,1373,1016,667,1655,1325,994,559,4913,4578,4533,139905.0
1859,1375,1017,667,1657,1327,995,559,4918,4581,4538,140005.0
1860,1376,1018,668,1658,1328,996,559,4922,4585,4541,140105.0
1862,1377,1019,668,1660,1329,997,559,4926,4588,4545,140205.0
1864,1378,1020,668,1662,1330,998,559,4930,4591,4549,140305.0
1865,1379,1021,669,1663,1331,999,559,4934,4595,4552,140405.0
1867,1380,1021,669,1665,1332,999,559,4937,4598,4555,140505.0
1869,1381,1022,669,1667,1333,1000,559,4941,4601,4559,140605.0
1870,1382,1023,670,1668,1334,1001,559,4945,4605,4562,140705.0
1872,1383,1024,670,1670,1335,1002,559,4949,4608,4566,140805.0
1874,1385,1024,670,1672,1337,1002,559,4953,4611,4570,140905.0
1875,1386,1025,671,1673,1338,1002,559,4957,4615,4572,141005.0
1877,1387,1025,671,1675,1339,1002,559,4960,4618,4575,141105.0
1879,1388,1026,671,1677,1340,1003,559,4964,4621,4579,141205.0
1880,1389,1027,672,1678,1341,1004,559,4968,4625,4582,141305.0
1882,1390,1028,672,1680,1342,1005,559,4972,4628,4586,141405.0
1884,1391,1029,672,1682,1343,1006,559,4976,4631,4590,141505.0
1885,1392,1030,673,1683,1344,1007,559,4980,4635,4593,141605.0
1886,1393,1030,673,1683,1345,1007,559,4982,4638,4594,141705.0
1888,1395,1031,673,1685,1347,1008,559,4987,4641,4599,141805.0
1889,1396,1032,674,1686,1348,1009,559,4991,4645,4602,141905.0
1891,1397,1033,674,1688,1349,1010,559,4995,4648,4606,142005.0
1893,1398,1034,674,1690,1350,1011,559,4999,4651,4610,142105.0
1894,1399,1035,675,1691,1351,1012,559,5003,4655,4613,142205.0
1895,1400,1035,675,1691,1352,1012,559,5005,4658,4614,142305.0
1897,1401,1036,675,1693,1353,1013,559,5009,4661,4618,142405.0
1897,1402,1037,676,1693,1354,1014,559,5012,4665,4620,142505.0
1899,1403,1038,676,1694,1355,1015,559,5016,4668,4623,142605.0
1900,1405,1039,676,1695,1357,1016,559,5020,4671,4627,142705.0
1901,1406,1040,677,1695,1358,1017,559,5024,4675,4629,142805.0
1902,1407,1040,677,1695,1359,1017,559,5026,4678,4630,142905.0
1904,1408,1041,677,1697,1360,1018,559,5030,4681,4634,143005.0
1904,1409,1042,678,1697,1361,1019,559,5033,4685,4636,143105.0
1905,1410,1043,678,1697,1362,1020,559,5036,4688,4638,143205.0
1906,1411,1044,678,1697,1363,1021,559,5039,4691,4640,143305.0
1907,1412,1045,679,1697,1364,1022,559,5043,4695,4642,143405.0
1908,1413,1045,679,1697,1365,1022,559,5045,4698,4643,143505.0
1909,1415,1046,679,1697,1367,1023,559,5049,4701,4646,143605.0
1909,1416,1047,680,1697,1368,1024,559,5052,4705,4648,143705.0
1910,1417,1048,680,1697,1369,1025,559,5055,4708,4650,143805.0
1911,1418,1049,680,1697,1370,1026,559,5058,4711,4652,143905.0
1912,1419,1050,681,1697,1371,1027,559,5062,4715,4654,144005.0
1914,1420,1050,681,1699,1372,1027,559,5065,4718,4657,144105.0
1915,1421,1051,681,1699,1373,1028,559,5068,4721,4659,144205.0
1916,1422,1052,682,1700,1374,1029,559,5072,4725,4662,144305.0
1918,1423,1052,682,1702,1375,1029,559,5075,4728,4665,144405.0
1919,1425,1053,682,1703,1377,1029,559,5079,4731,4668,144505.0
1920,1426,1053,683,1703,1378,1029,559,5082,4735,4669,144605.0
1922,1427,1053,683,1705,1379,1029,559,5085,4738,4672,144705.0
1924,1428,1053,683,1707,1380,1029,559,5088,4741,4675,144805.0
1925,1429,1053,684,1708,1381,1029,559,5091,4745,4677,144905.0
1927,1430,1053,684,1710,1382,1029,559,5094,4748,4680,145005.0
1929,1431,1053,684,1712,1383,1029,559,5097,4751,4683,145105.0
1930,1432,1053,685,1713,1384,1029,559,5100,4755,4685,145205.0
1932,1433,1053,685,1715,1385,1029,559,5103,4758,4688,145305.0
1934,1435,1053,685,1717,1387,1029,559,5107,4761,4692,145405.0
1935,1436,1053,686,1718,1388,1029,559,5110,4765,4694,145505.0
1937,1437,1053,686,1720,1389,1029,559,5113,4768,4697,145605.0
1938,1438,1053,687,1720,1390,1029,560,5116,4771,4699,145705.0
1939,1439,1053,688,1721,1391,1029,561,5119,4775,4702,145805.0
1941,1440,1053,688,1723,1392,1029,561,5122,4778,4705,145905.0
1943,1441,1053,688,1725,1393,1029,561,5125,4781,4708,146005.0
1944,1442,1053,689,1726,1394,1029,561,5128,4785,4710,146105.0
1946,1443,1053,689,1728,1395,1029,561,5131,4788,4713,146205.0
1948,1445,1053,689,1730,1397,1029,561,5135,4791,4717,146305.0
1949,1446,1053,690,1731,1398,1029,561,5138,4795,4719,146405.0
1951,1447,1053,690,1733,1399,1029,561,5141,4798,4722,146505.0
1953,1448,1053,690,1735,1400,1029,561,5144,4801,4725,146605.0
1954,1449,1053,691,1736,1401,1029,561,5147,4805,4727,146705.0
1956,1450,1053,691,1738,1402,1029,561,5150,4808,4730,146805.0
1958,1451,1053,691,1740,1403,1029,561,5153,4811,4733,146905.0
1959,1452,1053,692,1741,1404,1029,561,5156,4815,4735,147005.0
1961,1453,1053,692,1743,1405,1029,561,5159,4818,4738,147105.0
1963,1455,1053,692,1745,1407,1029,561,5163,4821,4742,147205.0
1964,1456,1053,693,1746,1408,1029,561,5166,4825,4744,147305.0
1966,1457,1053,693,1748,1409,1029,561,5169,4828,4747,147405.0
1967,1458,1053,694,1748,1410,1029,562,5172,4831,4749,147505.0
1968,1459,1053,695,1749,1411,1029,563,5175,4835,4752,147605.0
1970,1460,1053,695,1751,1412,1029,563,5178,4838,4755,147705.0
1972,1461,1053,695,1753,1413,1029,563,5181,4841,4758,147805.0
1973,1462,1053,696,1754,1414,1029,563,5184,4845,4760,147905.0
1975,1463,1053,696,1756,1415,1029,563,5187,4848,4763,148005.0
1977,1465,1053,696,1758,1417,1029,563,5191,4851,4767,148105.0
1978,1466,1053,697,1759,1418,1029,563,5194,4855,4769,148205.0
1979,1467,1053,697,1759,1419,1029,563,5196,4858,4770,148305.0
1981,1468,1053,697,1761,1420,1029,563,5199,4861,4773,148405.0
1982,1469,1053,697,1762,1421,1029,563,5201,4865,4775,148505.0
1984,1470,1053,697,1764,1422,1029,563,5204,4868,4778,148605.0
1986,1471,1053,697,1766,1423,1029,563,5207,4871,4781,148705.0
1987,1472,1053,698,1767,1424,1029,563,5210,4875,4783,148805.0
1989,1473,1053,698,1769,1425,1029,563,5213,4878,4786,148905.0
1990,1475,1053,698,1770,1427,1029,563,5216,4881,4789,149005.0
1991,1476,1053,699,1770,1428,1029,563,5219,4885,4790,149105.0
1993,1477,1054,699,1772,1429,1029,563,5223,4888,4793,149205.0
1994,1478,1054,699,1773,1430,1029,563,5225,4891,4795,149305.0
1995,1479,1054,700,1773,1431,1029,563,5228,4895,4796,149405.0
1997,1480,1054,700,1775,1432,1029,563,5231,4898,4799,149505.0
1999,1481,1055,700,1777,1433,1029,563,5235,4901,4802,149605.0
2000,1482,1056,701,1778,1434,1030,563,5239,4905,4805,149705.0
2002,1483,1057,701,1780,1435,1031,563,5243,4908,4809,149805.0
2004,1485,1058,701,1782,1437,1032,563,5248,4911,4814,149905.0
2004,1486,1059,702,1782,1438,1033,563,5251,4915,4816,150005.0
2006,1487,1059,702,1783,1439,1033,563,5254,4918,4818,150105.0
2008,1488,1060,702,1785,1440,1034,563,5258,4921,4822,150205.0
2009,1489,1061,703,1786,1441,1035,563,5262,4925,4825,150305.0
2011,1490,1062,703,1788,1442,1036,563,5266,4928,4829,150405.0
2013,1491,1063,703,1790,1443,1037,563,5270,4931,4833,150505.0
2014,1492,1064,704,1791,1444,1038,563,5274,4935,4836,150605.0
2016,1493,1064,704,1793,1445,1038,563,5277,4938,4839,150705.0
2018,1495,1065,704,1795,1447,1039,563,5282,4941,4844,150805.0
2019,1496,1066,705,1796,1448,1040,563,5286,4945,4847,150905.0
2021,1497,1067,705,1798,1449,1041,563,5290,4948,4851,151005.0
2023,1498,1068,705,1800,1450,1041,563,5294,4951,4854,151105.0
2024,1499,1069,706,1801,1451,1042,563,5298,4955,4857,151205.0
2026,1500,1069,706,1803,1452,1042,563,5301,4958,4860,151305.0
2028,1501,1070,706,1805,1453,1043,563,5305,4961,4864,151405.0
2029,1502,1071,707,1806,1454,1044,563,5309,4965,4867,151505.0
2031,1503,1072,707,1808,1455,1045,563,5313,4968,4871,151605.0
2033,1505,1073,707,1810,1457,1046,563,5318,4971,4876,151705.0
2034,1506,1074,707,1811,1458,1047,563,5321,4975,4879,151805.0
2036,1507,1074,707,1813,1459,1047,563,5324,4978,4882,151905.0
2038,1507,1075,707,1815,1459,1048,563,5327,4981,4885,152005.0
2039,1508,1076,708,1816,1459,1049,563,5331,4985,4887,152105.0
2041,1509,1076,708,1818,1460,1049,563,5334,4988,4890,152205.0
2043,1510,1076,708,1820,1461,1049,563,5337,4991,4893,152305.0
2044,1511,1076,709,1821,1462,1049,563,5340,4995,4895,152405.0
2046,1512,1076,709,1823,1463,1049,563,5343,4998,4898,152505.0
2048,1514,1077,709,1825,1465,1050,563,5348,5001,4903,152605.0
2049,1515,1078,710,1826,1466,1051,563,5352,5005,4906,152705.0
2051,1516,1079,710,1828,1467,1052,563,5356,5008,4910,152805.0
2053,1517,1079,710,1830,1468,1052,563,5359,5011,4913,152905.0
2054,1518,1080,711,1831,1469,1053,563,5363,5015,4916,153005.0
2056,1519,1080,711,1833,1470,1053,563,5366,5018,4919,153105.0
2058,1520,1081,711,1835,1471,1054,563,5370,5021,4923,153205.0
2059,1521,1082,712,1836,1472,1055,563,5374,5025,4926,153305.0
2061,1522,1083,712,1838,1473,1056,563,5378,5028,4930,153405.0
2063,1524,1084,712,1840,1475,1057,563,5383,5031,4935,153505.0
2064,1525,1084,713,1841,1476,1057,563,5386,5035,4937,153605.0
2066,1526,1084,713,1843,1477,1057,563,5389,5038,4940,153705.0
2068,1527,1085,713,1845,1478,1058,563,5393,5041,4944,153805.0
2069,1528,1086,714,1846,1479,1059,563,5397,5045,4947,153905.0
2071,1529,1087,714,1848,1480,1060,563,5401,5048,4951,154005.0
2073,1530,1088,714,1850,1481,1061,563,5405,5051,4955,154105.0
2074,1531,1089,715,1851,1482,1062,563,5409,5055,4958,154205.0
2076,1532,1089,715,1853,1483,1062,563,5412,5058,4961,154305.0
2078,1534,1090,715,1855,1485,1063,563,5417,5061,4966,154405.0
2079,1535,1090,716,1856,1486,1063,563,5420,5065,4968,154505.0
2081,1536,1090,716,1858,1487,1063,563,5423,5068,4971,154605.0
2083,1537,1090,716,1860,1488,1063,563,5426,5071,4974,154705.0
2084,1538,1091,716,1861,1489,1064,563,5429,5075,4977,154805.0
2086,1539,1091,716,1863,1490,1064,563,5432,5078,4980,154905.0
2088,1540,1091,716,1865,1491,1064,563,5435,5081,4983,155005.0
2089,1541,1091,717,1866,1492,1064,563,5438,5085,4985,155105.0
2091,1542,1092,717,1868,1493,1065,563,5442,5088,4989,155205.0
2093,1544,1093,717,1870,1493,1066,563,5447,5091,4992,155305.0
2094,1545,1093,717,1871,1494,1066,563,5449,5095,4994,155405.0
2096,1546,1093,717,1873,1495,1066,563,5452,5098,4997,155505.0
2098,1547,1093,717,1875,1496,1066,563,5455,5101,5000,155605.0
2099,1548,1093,718,1876,1497,1066,563,5458,5105,5002,155705.0
2101,1549,1093,718,1878,1498,1066,563,5461,5108,5005,155805.0
2103,1550,1093,718,1880,1499,1066,563,5464,5111,5008,155905.0
2104,1551,1093,719,1881,1500,1066,563,5467,5115,5010,156005.0
2106,1552,1093,719,1883,1501,1066,563,5470,5118,5013,156105.0
2108,1554,1093,719,1885,1503,1066,563,5474,5121,5017,156205.0
2109,1555,1093,720,1886,1504,1066,563,5477,5125,5019,156305.0
2111,1555,1093,720,1888,1504,1066,563,5479,5128,5021,156405.0
2113,1556,1093,720,1890,1504,1066,563,5482,5131,5023,156505.0
2114,1557,1093,721,1891,1505,1066,563,5485,5135,5025,156605.0
2115,1558,1093,721,1891,1506,1066,563,5487,5138,5026,156705.0
2117,1559,1094,721,1893,1507,1067,563,5491,5141,5030,156805.0
2118,1560,1094,722,1894,1508,1067,563,5494,5145,5032,156905.0
2120,1561,1094,722,1896,1509,1067,563,5497,5148,5035,157005.0
2122,1563,1095,722,1898,1511,1068,563,5502,5151,5040,157105.0
2123,1564,1095,723,1899,1512,1068,563,5505,5155,5042,157205.0
2127,1566,1096,723,1903,1514,1069,563,5512,5161,5049,157405.0
2128,1567,1097,724,1904,1515,1070,563,5516,5165,5052,157505.0
2130,1568,1098,724,1906,1516,1071,563,5520,5168,5056,157605.0
2132,1569,1099,724,1908,1517,1072,563,5524,5171,5060,157705.0
2133,1570,1100,725,1909,1518,1073,563,5528,5175,5063,157805.0
2135,1571,1100,725,1911,1519,1073,563,5531,5178,5066,157905.0
2137,1573,1101,725,1913,1521,1074,563,5536,5181,5071,158005.0
2138,1574,1102,726,1914,1522,1075,563,5540,5185,5074,158105.0
2140,1575,1103,726,1916,1523,1076,563,5544,5188,5078,158205.0
2142,1576,1104,726,1918,1524,1077,563,5548,5191,5082,158305.0
2143,1577,1105,727,1919,1525,1078,563,5552,5195,5085,158405.0
2145,1578,1105,727,1921,1526,1078,563,5555,5198,5088,158505.0
2147,1579,1106,727,1923,1527,1079,563,5559,5201,5092,158605.0
2148,1580,1107,728,1924,1528,1080,563,5563,5205,5095,158705.0
2150,1581,1108,728,1926,1529,1081,563,5567,5208,5099,158805.0
2152,1583,1109,728,1928,1531,1082,563,5572,5211,5104,158905.0
2153,1584,1110,729,1929,1532,1083,563,5576,5215,5107,159005.0
2155,1584,1110,729,1931,1532,1083,563,5578,5218,5109,159105.0
2157,1584,1111,729,1933,1532,1084,563,5581,5221,5112,159205.0
2158,1585,1112,730,1934,1532,1085,563,5585,5225,5114,159305.0
2160,1586,1113,730,1936,1533,1086,563,5589,5228,5118,159405.0
2162,1587,1114,730,1938,1534,1087,563,5593,5231,5122,159505.0
2163,1588,1115,731,1939,1535,1088,563,5597,5235,5125,159605.0
2165,1589,1115,731,1941,1536,1088,563,5600,5238,5128,159705.0
2167,1591,1116,731,1943,1538,1089,563,5605,5241,5133,159805.0
2168,1592,1117,732,1944,1539,1090,563,5609,5245,5136,159905.0
2170,1593,1118,732,1946,1540,1091,563,5613,5248,5140,160005.0
2173,1595,1120,733,1949,1542,1093,563,5621,5255,5147,160205.0
2175,1596,1120,733,1951,1543,1093,563,5624,5258,5150,160305.0
2177,1597,1121,733,1953,1544,1094,563,5628,5261,5154,160405.0
2178,1598,1122,734,1954,1545,1095,563,5632,5265,5157,160505.0
2180,1599,1123,734,1955,1546,1096,563,5636,5268,5160,160605.0
2182,1601,1124,734,1957,1548,1097,563,5641,5271,5165,160705.0
2183,1602,1125,735,1958,1549,1098,563,5645,5275,5168,160805.0
2185,1603,1125,735,1960,1550,1098,563,5648,5278,5171,160905.0
2187,1604,1126,735,1962,1551,1099,563,5652,5281,5175,161005.0
2188,1605,1127,736,1963,1552,1100,563,5656,5285,5178,161105.0
2190,1606,1128,736,1965,1553,1101,563,5660,5288,5182,161205.0
2192,1607,1129,736,1967,1554,1102,563,5664,5291,5186,161305.0
2193,1608,1130,737,1968,1555,1103,563,5668,5295,5189,161405.0
2195,1609,1130,737,1970,1556,1103,563,5671,5298,5192,161505.0
2197,1611,1131,737,1972,1558,1104,563,5676,5301,5197,161605.0
2198,1612,1132,738,1973,1559,1105,563,5680,5305,5200,161705.0
2200,1613,1133,738,1975,1560,1106,563,5684,5308,5204,161805.0
2202,1614,1134,738,1977,1561,1107,563,5688,5311,5208,161905.0
2203,1615,1135,739,1978,1562,1108,563,5692,5315,5211,162005.0
2205,1616,1135,739,1980,1563,1108,563,5695,5318,5214,162105.0
2207,1617,1136,739,1982,1564,1109,563,5699,5321,5218,162205.0
2208,1618,1136,740,1983,1565,1109,563,5702,5325,5220,162305.0
2210,1619,1137,740,1985,1566,1109,563,5706,5328,5223,162405.0
2212,1621,1138,740,1987,1568,1110,563,5711,5331,5228,162505.0
2213,1622,1139,741,1988,1569,1111,563,5715,5335,5231,162605.0
2215,1623,1139,741,1990,1570,1111,563,5718,5338,5234,162705.0
2217,1624,1140,741,1992,1571,1112,563,5722,5341,5238,162805.0
2218,1625,1141,742,1993,1572,1113,563,5726,5345,5241,162905.0
2220,1626,1142,742,1995,1573,1114,563,5730,5348,5245,163005.0
2222,1627,1143,742,1997,1574,1115,563,5734,5351,5249,163105.0
2223,1628,1144,743,1998,1575,1116,563,5738,5355,5252,163205.0
2225,1629,1144,743,2000,1576,1116,563,5741,5358,5255,163305.0
2226,1631,1145,744,2000,1578,1117,564,5746,5361,5259,163405.0
2227,1632,1146,745,2001,1579,1118,565,5750,5365,5263,163505.0
2229,1633,1147,745,2003,1580,1119,565,5754,5368,5267,163605.0
2231,1634,1148,745,2005,1581,1120,565,5758,5371,5271,163705.0
2232,1635,1148,746,2006,1582,1120,565,5761,5375,5273,163805.0
2234,1636,1148,746,2008,1583,1120,565,5764,5378,5276,163905.0
2236,1637,1149,746,2010,1584,1120,565,5768,5381,5279,164005.0
2237,1638,1150,747,2011,1585,1121,565,5772,5385,5282,164105.0
2239,1639,1151,747,2013,1586,1122,565,5776,5388,5286,164205.0
2241,1641,1152,747,2015,1588,1123,565,5781,5391,5291,164305.0
2242,1642,1153,748,2016,1589,1124,565,5785,5395,5294,164405.0
2244,1643,1153,748,2018,1590,1124,565,5788,5398,5297,164505.0
2246,1644,1154,748,2020,1591,1125,565,5792,5401,5301,164605.0
2247,1645,1155,749,2021,1592,1126,565,5796,5405,5304,164705.0
2249,1646,1156,749,2023,1593,1127,565,5800,5408,5308,164805.0
2251,1647,1157,749,2025,1594,1128,565,5804,5411,5312,164905.0
2252,1648,1158,750,2026,1595,1129,565,5808,5415,5315,165005.0
2254,1649,1158,750,2028,1596,1129,565,5811,5418,5318,165105.0
2256,1651,1159,750,2030,1598,1130,565,5816,5421,5323,165205.0
2257,1652,1160,751,2031,1599,1131,565,5820,5425,5326,165305.0
2259,1653,1161,751,2033,1600,1132,565,5824,5428,5330,165405.0
2261,1654,1162,751,2035,1601,1133,565,5828,5431,5334,165505.0
2262,1655,1163,752,2036,1602,1134,565,5832,5435,5337,165605.0
2264,1656,1163,752,2038,1603,1134,565,5835,5438,5340,165705.0
2266,1657,1164,752,2040,1604,1135,565,5839,5441,5344,165805.0
2267,1658,1165,753,2041,1605,1136,565,5843,5445,5347,165905.0
2269,1659,1165,753,2043,1606,1136,565,5846,5448,5350,166005.0
2271,1661,1166,753,2045,1608,1136,565,5851,5451,5354,166105.0
2272,1662,1167,754,2046,1609,1137,565,5855,5455,5357,166205.0
2274,1663,1167,754,2048,1610,1137,565,5858,5458,5360,166305.0
2276,1664,1168,754,2050,1611,1138,565,5862,5461,5364,166405.0
2277,1665,1169,755,2051,1612,1139,565,5866,5465,5367,166505.0
2281,1667,1171,755,2055,1614,1141,565,5874,5471,5375,166705.0
2282,1668,1172,756,2056,1615,1142,565,5878,5475,5378,166805.0
2284,1669,1172,756,2058,1616,1142,565,5881,5478,5381,166905.0
2285,1671,1173,756,2058,1618,1143,565,5885,5481,5384,167005.0
2286,1672,1174,757,2059,1619,1144,565,5889,5485,5387,167105.0
2288,1673,1175,757,2061,1620,1145,565,5893,5488,5391,167205.0
2290,1674,1176,757,2063,1621,1146,565,5897,5491,5395,167305.0
2291,1675,1177,758,2064,1622,1147,565,5901,5495,5398,167405.0
2293,1676,1177,758,2066,1623,1147,565,5904,5498,5401,167505.0
2295,1677,1178,758,2068,1624,1148,565,5908,5501,5405,167605.0
2296,1678,1179,759,2069,1625,1149,565,5912,5505,5408,167705.0
2298,1679,1180,759,2071,1626,1150,565,5916,5508,5412,167805.0
2300,1681,1181,759,2073,1628,1151,565,5921,5511,5417,167905.0
2301,1682,1182,760,2074,1629,1152,565,5925,5515,5420,168005.0
2302,1683,1182,760,2075,1630,1152,565,5927,5518,5422,168105.0
2304,1684,1182,760,2076,1631,1152,565,5930,5521,5424,168205.0
2305,1685,1183,761,2077,1632,1152,565,5934,5525,5426,168305.0
2307,1686,1184,761,2079,1633,1153,565,5938,5528,5430,168405.0
2309,1687,1185,761,2081,1634,1154,565,5942,5531,5434,168505.0
2310,1688,1186,762,2082,1635,1155,565,5946,5535,5437,168605.0
2312,1689,1186,762,2084,1636,1155,565,5949,5538,5440,168705.0
2314,1691,1187,762,2086,1638,1156,565,5954,5541,5445,168805.0
2315,1692,1188,763,2087,1639,1157,565,5958,5545,5448,168905.0
2317,1693,1189,763,2089,1640,1158,565,5962,5548,5452,169005.0
2319,1694,1190,763,2091,1641,1159,565,5966,5551,5456,169105.0
2320,1695,1191,764,2092,1642,1160,565,5970,5555,5459,169205.0
2322,1696,1191,764,2094,1643,1160,565,5973,5558,5462,169305.0
2324,1697,1192,764,2096,1644,1161,565,5977,5561,5466,169405.0
2325,1698,1193,765,2097,1645,1162,565,5981,5565,5469,169505.0
2327,1699,1194,765,2099,1646,1163,565,5985,5568,5473,169605.0
2329,1701,1195,765,2101,1648,1164,565,5990,5571,5478,169705.0
2330,1702,1196,766,2102,1649,1165,565,5994,5575,5481,169805.0
2332,1703,1196,766,2104,1650,1165,565,5997,5578,5484,169905.0
2334,1704,1197,766,2106,1651,1166,565,6001,5581,5488,170005.0
2335,1705,1198,767,2107,1652,1167,565,6005,5585,5491,170105.0
2337,1706,1199,767,2109,1653,1168,565,6009,5588,5495,170205.0
2339,1706,1200,767,2111,1653,1169,565,6012,5591,5498,170305.0
2340,1707,1201,768,2112,1653,1170,565,6016,5595,5500,170405.0
2342,1708,1201,768,2114,1654,1170,565,6019,5598,5503,170505.0
2344,1710,1202,768,2116,1656,1171,565,6024,5601,5508,170605.0
2345,1711,1203,769,2117,1657,1172,565,6028,5605,5511,170705.0
2347,1712,1204,769,2119,1658,1173,565,6032,5608,5515,170805.0
2349,1712,1205,769,2121,1658,1174,565,6035,5611,5518,170905.0
2350,1713,1206,769,2122,1658,1175,565,6038,5615,5520,171005.0
2352,1714,1206,769,2124,1659,1175,565,6041,5618,5523,171105.0
2354,1715,1207,769,2126,1660,1176,565,6045,5621,5527,171205.0
2355,1716,1208,770,2127,1661,1177,565,6049,5625,5530,171305.0
2357,1717,1209,770,2129,1662,1178,565,6053,5628,5534,171405.0
